date,change
2008-05-02,0.0032303750170896706
2008-05-05,-0.0045438914840980615
2008-05-06,0.007622806087752565
2008-05-07,-0.018279853115200417
2008-05-08,0.0036628357410659618
2008-05-09,-0.006748166083685447
2008-05-12,0.010960492467365412
2008-05-13,-0.00038474535749166705
2008-05-14,0.003997583197610233
2008-05-15,0.010528841120541976
2008-05-16,0.0012496175956977496
2008-05-19,0.0008976424059623511
2008-05-20,-0.009316856910556837
2008-05-21,-0.01618378619817573
2008-05-22,0.0026139595950969152
2008-05-23,-0.01329843428158739
2008-05-27,0.006822892600922614
2008-05-28,0.0039550587467873655
2008-05-29,0.0053207569246289665
2008-05-30,0.0015150182904095644
2008-06-02,-0.01055982299899405
2008-06-03,-0.005804642474577015
2008-06-04,-0.00032674955666500693
2008-06-05,0.019308535501367352
2008-06-06,-0.03137633792851169
2008-06-09,0.0007933736143019843
2008-06-10,-0.002441048973177651
2008-06-11,-0.01703868089709104
2008-06-12,0.003274332379805678
2008-06-13,0.014934189051767355
2008-06-16,8.086700337184283e-05
2008-06-17,-0.006794362517970498
2008-06-18,-0.009759291401610248
2008-06-19,0.003745301748739216
2008-06-20,-0.01871692961445426
2008-06-23,5.307121098319101e-05
2008-06-24,-0.0028188105425694943
2008-06-25,0.00582640080774155
2008-06-26,-0.02980501535784441
2008-06-27,-0.0037243557246418035
2008-06-30,0.0012664226685243918
2008-07-01,0.003828625513309092
2008-07-02,-0.018371344475750284
2008-07-03,0.0010933237047829891
2008-07-07,-0.008420789697931141
2008-07-08,0.016936119167041852
2008-07-09,-0.023039556616251566
2008-07-10,0.006965436918402013
2008-07-11,-0.011151895821661206
2008-07-14,-0.009068857168021971
2008-07-15,-0.010961111495015885
2008-07-16,0.0247546047403171
2008-07-17,0.011940981425868635
2008-07-18,0.0002856866342311193
2008-07-21,-0.0005395797974596661
2008-07-22,0.013401856087015496
2008-07-23,0.004055930379877282
2008-07-24,-0.023395986698869997
2008-07-25,0.004158848282542316
2008-07-28,-0.018771654598366716
2008-07-29,0.023087430753335525
2008-07-30,0.01653453959849127
2008-07-31,-0.013230903377196235
2008-08-01,-0.0055940121277657795
2008-08-04,-0.009006523739595096
2008-08-05,0.028314087141064093
2008-08-06,0.003348735751600884
2008-08-07,-0.018096496614683488
2008-08-08,0.023611867574969914
2008-08-11,0.006918740698416137
2008-08-12,-0.012123868041461705
2008-08-13,-0.0029199220207543064
2008-08-14,0.005506612413472389
2008-08-15,0.004067649447182298
2008-08-18,-0.015212941292702453
2008-08-19,-0.009358558210852408
2008-08-20,0.006178207428513716
2008-08-21,0.0024918571250447386
2008-08-22,0.011268937299435677
2008-08-25,-0.019820570253066272
2008-08-26,0.0036795944714418383
2008-08-27,0.007950960803121632
2008-08-28,0.014731106906668678
2008-08-29,-0.013818705543650722
2008-09-02,-0.0041009116025039205
2008-09-03,-0.002037152477783799
2008-09-04,-0.03037885739940993
2008-09-05,0.004420978155796007
2008-09-08,0.020302660636854597
2008-09-09,-0.0347344857776859
2008-09-10,0.0061305916296703344
2008-09-11,0.013711937826061948
2008-09-12,0.00211928660746441
2008-09-15,-0.04828298468585057
2008-09-16,0.017371525757083006
2008-09-17,-0.048288032709052686
2008-09-18,0.04242880620734013
2008-09-19,0.039467377739914156
2008-09-22,-0.03898680430858459
2008-09-23,-0.015756111631205272
2008-09-24,-0.001979686365006117
2008-09-25,0.019465810373961112
2008-09-26,0.0033767217166875696
2008-09-29,-0.09218959268246163
2008-09-30,0.05275815765297942
2008-10-01,-0.004554343488277546
2008-10-02,-0.041124949334876426
2008-10-03,-0.013598565952352537
2008-10-06,-0.03927926894746836
2008-10-07,-0.05910779198512639
2008-10-08,-0.011397406903149054
2008-10-09,-0.07922406276624194
2008-10-10,-0.011828976240741973
2008-10-13,0.10957196767787103
2008-10-14,-0.005336349991374334
2008-10-15,-0.0946951249598742
2008-10-16,0.041628822474308436
2008-10-17,-0.006232206055180711
2008-10-20,0.04658287668491745
2008-10-21,-0.03128399189909725
2008-10-22,-0.06295308023567348
2008-10-23,0.012554897789727626
2008-10-24,-0.03512077702948613
2008-10-27,-0.03227978974892931
2008-10-28,0.1024573586173041
2008-10-29,-0.011140907271321332
2008-10-30,0.025476650232463705
2008-10-31,0.015248545747114761
2008-11-03,-0.002532248080798105
2008-11-04,0.04001447824313864
2008-11-05,-0.05411525843917708
2008-11-06,-0.0515712086420006
2008-11-07,0.02844618159084611
2008-11-10,-0.012733895905362225
2008-11-11,-0.022287200512993266
2008-11-12,-0.05328886547250811
2008-11-13,0.06692259051677318
2008-11-14,-0.04259349062217321
2008-11-17,-0.026149349962286905
2008-11-18,0.009790290349037
2008-11-19,-0.06310549595919213
2008-11-20,-0.06948184588802153
2008-11-21,0.06132800133062144
2008-11-24,0.0627142317038345
2008-11-25,0.006529413505806048
2008-11-26,0.03471840137758697
2008-11-28,0.009596913292054587
2008-12-01,-0.09353652134319912
2008-12-02,0.03916366446295072
2008-12-03,0.02550804713061705
2008-12-04,-0.029746499153434414
2008-12-05,0.035849090220215096
2008-12-08,0.03766888360928622
2008-12-09,-0.02338894414764514
2008-12-10,0.011824007143774296
2008-12-11,-0.028938762069683044
2008-12-12,0.007003830532233302
2008-12-15,-0.012766830251928596
2008-12-16,0.05008481651691454
2008-12-17,-0.009639170271316999
2008-12-18,-0.021389823563730204
2008-12-19,0.0029325924490555266
2008-12-22,-0.018471576683876556
2008-12-23,-0.009764985286121686
2008-12-24,0.005764496048285217
2008-12-26,0.005341882334867876
2008-12-29,-0.003880117662346194
2008-12-30,0.024114019154612976
2008-12-31,0.014059047765476507
2009-01-02,0.031118816476646494
2009-01-05,-0.00467928889300584
2009-01-06,0.007786737415490741
2009-01-07,-0.03046912045577166
2009-01-08,0.0033913156334062222
2009-01-09,-0.02153321331288449
2009-01-12,-0.02282258782440838
2009-01-13,0.0017565149150851056
2009-01-14,-0.03403246459789244
2009-01-15,0.0013282990282466045
2009-01-16,0.0075331316963058725
2009-01-20,-0.05426201411737708
2009-01-21,0.04257205742156778
2009-01-22,-0.015278446161940629
2009-01-23,0.005363250034242206
2009-01-26,0.005537850016143153
2009-01-27,0.010866329954372311
2009-01-28,0.033006838815658135
2009-01-29,-0.03368106421604278
2009-01-30,-0.02305282128476449
2009-02-02,-0.0005329106515370441
2009-02-03,0.015709939257212646
2009-02-04,-0.007517698282553553
2009-02-05,0.01623318965352638
2009-02-06,0.02654068192257597
2009-02-09,0.0014840916467253606
2009-02-10,-0.050368670073026145
2009-02-11,0.007923477117008915
2009-02-12,0.001737655110524372
2009-02-13,-0.01004800768580516
2009-02-17,-0.0466294998790584
2009-02-18,-0.0009508174781371892
2009-02-19,-0.012096897579125354
2009-02-20,-0.011478591428086382
2009-02-23,-0.03531531787994613
2009-02-24,0.03932004979731385
2009-02-25,-0.010715026433968156
2009-02-26,-0.015905676423776605
2009-02-27,-0.02384648385433419
2009-03-02,-0.047741889410317206
2009-03-03,-0.006427377704748771
2009-03-04,0.023475358274551716
2009-03-05,-0.0434633017179884
2009-03-06,0.0012153142641482262
2009-03-09,-0.010074245740608667
2009-03-10,0.06171863333311833
2009-03-11,0.0024428296730807375
2009-03-12,0.039921075043620746
2009-03-13,0.0077092355948868985
2009-03-16,-0.0035221203682862523
2009-03-17,0.031634258836055196
2009-03-18,0.02064339244877811
2009-03-19,-0.013064128555368981
2009-03-20,-0.019967428951887634
2009-03-23,0.06836638750249158
2009-03-24,-0.02062636135114726
2009-03-25,0.009580332534375735
2009-03-26,0.023052601673729356
2009-03-27,-0.02052471750476048
2009-03-30,-0.035439323263811495
2009-03-31,0.013044168607851958
2009-04-01,0.01642104321584803
2009-04-02,0.02832222621252445
2009-04-03,0.009684722154021053
2009-04-06,-0.008367276177735583
2009-04-07,-0.02414366850273897
2009-04-08,0.011714556657837605
2009-04-09,0.037347091311214164
2009-04-13,0.002530164794837475
2009-04-14,-0.020268516679070814
2009-04-15,0.01247093090686402
2009-04-16,0.015419309206945897
2009-04-17,0.004957054463432975
2009-04-20,-0.04373220919545684
2009-04-21,0.02102938368810392
2009-04-22,-0.007711319874361244
2009-04-23,0.009873442925813158
2009-04-24,0.016657833373733943
2009-04-27,-0.010117586684588176
2009-04-28,-0.00274429808218013
2009-04-29,0.02137985429858613
2009-04-30,-0.0009505191174259409
2009-05-01,0.005381880354253354
2009-05-04,0.03330724279521213
2009-05-05,-0.003798928989888317
2009-05-06,0.01725461777749615
2009-05-07,-0.013290338275461444
2009-05-08,0.023783901487219872
2009-05-11,-0.021747189956074386
2009-05-12,-0.0009793342698651841
2009-05-13,-0.02726319889081097
2009-05-14,0.010298431528091179
2009-05-15,-0.011475676408295499
2009-05-18,0.029936594893857915
2009-05-19,-0.0017383459208879515
2009-05-20,-0.005144672488494706
2009-05-21,-0.016899558460068853
2009-05-22,-0.0014983324070323434
2009-05-26,0.02596220750146383
2009-05-27,-0.01915342418141197
2009-05-28,0.01530125457321585
2009-05-29,0.013483446369416008
2009-06-01,0.025489943354644495
2009-06-02,0.0019813368509522533
2009-06-03,-0.013834465251085781
2009-06-04,0.01141821991963976
2009-06-05,-0.0025178573640882718
2009-06-08,-0.001011065233842423
2009-06-09,0.0034970597308516815
2009-06-10,-0.003486402164882385
2009-06-11,0.006093298062499919
2009-06-12,0.0013960205050507213
2009-06-15,-0.024055590961104656
2009-06-16,-0.01280190102374501
2009-06-17,-0.0013825237622890896
2009-06-18,0.008375814847253693
2009-06-19,0.003109357842015825
2009-06-22,-0.03107836385261198
2009-06-23,0.0023040689927249502
2009-06-24,0.0065032478717981235
2009-06-25,0.021217584742871942
2009-06-26,-0.0014789210538932451
2009-06-29,0.009024296786330765
2009-06-30,-0.008567351480301078
2009-07-01,0.004352444879020645
2009-07-02,-0.029577684628429246
2009-07-06,0.0025624623343629693
2009-07-07,-0.019879786030179147
2009-07-08,-0.0016699303291227707
2009-07-09,0.0035409459277806477
2009-07-10,-0.004029938311696846
2009-07-13,0.024627948873694905
2009-07-14,0.0053019831658875916
2009-07-15,0.029199435063166135
2009-07-16,0.008604634094946384
2009-07-17,-0.00038273475945338475
2009-07-20,0.011366702461322653
2009-07-21,0.003620714305101025
2009-07-22,-0.0005344196219585484
2009-07-23,0.02302259953613195
2009-07-24,0.0030375437108238756
2009-07-27,0.0029773892167321847
2009-07-28,-0.0026098475570766055
2009-07-29,-0.004573406331922492
2009-07-30,0.011825384612771828
2009-07-31,0.0007395086090902225
2009-08-03,0.015225608418854009
2009-08-04,0.0030075698934908246
2009-08-05,-0.0029178439093611175
2009-08-06,-0.0056405330403555
2009-08-07,0.01334970015847059
2009-08-10,-0.003350555849849002
2009-08-11,-0.012740935604157677
2009-08-12,0.011459230815313859
2009-08-13,0.00685644989442924
2009-08-14,-0.008567949370478445
2009-08-17,-0.024559961471564584
2009-08-18,0.010094533963115104
2009-08-19,0.006837483383679732
2009-08-20,0.010889227840341853
2009-08-21,0.018451479955953864
2009-08-24,-0.0005459463150421229
2009-08-25,0.0023666641002222377
2009-08-26,0.00011671984167094251
2009-08-27,0.0027778999309093777
2009-08-28,-0.001990306996777491
2009-08-31,-0.008109198936137929
2009-09-01,-0.022372226229383507
2009-09-02,-0.00330188431835321
2009-09-03,0.00849858221732358
2009-09-04,0.013032243534397914
2009-09-08,0.00880604658007833
2009-09-09,0.007752258569182047
2009-09-10,0.010368293226761693
2009-09-11,-0.001351339774832816
2009-09-14,0.0063191080278866
2009-09-15,0.0031304364307338517
2009-09-16,0.015207308170410272
2009-09-17,-0.003064329444836922
2009-09-18,0.0026338679749633442
2009-09-21,-0.0034131145375493332
2009-09-22,0.006553348589370067
2009-09-23,-0.01011955839591483
2009-09-24,-0.00955654836383868
2009-09-25,-0.006109360433081967
2009-09-28,0.017652852996381974
2009-09-29,-0.002232065533391392
2009-09-30,-0.0033338518554746344
2009-10-01,-0.02609721103948548
2009-10-02,-0.004515705650461221
2009-10-05,0.01476545395943063
2009-10-06,0.013612415790456467
2009-10-07,0.002707936227344554
2009-10-08,0.007442145488460561
2009-10-09,0.005624810764778054
2009-10-12,0.0043767774098144585
2009-10-13,-0.002791504631868058
2009-10-14,0.017393743866052525
2009-10-15,0.004148850257619685
2009-10-16,-0.008131023573044516
2009-10-19,0.009361366310089991
2009-10-20,-0.00625864865101633
2009-10-21,-0.008893234672421535
2009-10-22,0.010587374576990882
2009-10-23,-0.012253314804953952
2009-10-26,-0.011786514991062091
2009-10-27,-0.0033233071245586387
2009-10-28,-0.019734385863872106
2009-10-29,0.02227012389180949
2009-10-30,-0.028466028077549943
2009-11-02,0.006435653695451293
2009-11-03,0.002423064029055233
2009-11-04,0.0010420774133867994
2009-11-05,0.019052887330481383
2009-11-06,0.0025001243704458886
2009-11-09,0.02199508470450695
2009-11-10,-6.399187692274211e-05
2009-11-11,0.00501935779461693
2009-11-12,-0.010312359488003686
2009-11-13,0.005722887043319247
2009-11-16,0.014363977152115126
2009-11-17,0.0009189834963425625
2009-11-18,-0.00046835036905612526
2009-11-19,-0.013516806244710189
2009-11-20,-0.0032201017206530125
2009-11-23,0.013523913615093974
2009-11-24,-0.000533449683534748
2009-11-25,0.004494007360247743
2009-11-27,-0.01738370028817826
2009-11-30,0.0037858187517532116
2009-12-01,0.01200290216439548
2009-12-02,0.0003426401045940608
2009-12-03,-0.008437597231020888
2009-12-04,0.005494311780740446
2009-12-07,-0.002471432502971105
2009-12-08,-0.010304492441560065
2009-12-09,0.0036656456111945346
2009-12-10,0.005822720552028926
2009-12-11,0.0036763274908890864
2009-12-14,0.006935296054067841
2009-12-15,-0.005562408260558094
2009-12-16,0.0011275940946138263
2009-12-17,-0.01188091384853518
2009-12-18,0.0058129523600563004
2009-12-21,0.010448977005223625
2009-12-22,0.003557213764383782
2009-12-23,0.002296020427920098
2009-12-24,0.005242406895254348
2009-12-28,0.001153415434721694
2009-12-29,-0.0014020339779854396
2009-12-30,0.00019541067840034287
2009-12-31,-0.010100435541189334
2010-01-04,0.01591608158893898
2010-01-05,0.003110832586067147
2010-01-06,0.0005453717845442796
2010-01-07,0.003993217689657769
2010-01-08,0.00287758302153307
2010-01-11,0.001745231629298516
2010-01-12,-0.00942544576898019
2010-01-13,0.00829145632438344
2010-01-14,0.002423486223529281
2010-01-15,-0.010882126616956533
2010-01-19,0.012422151061536546
2010-01-20,-0.010654386249252745
2010-01-21,-0.019126657637914768
2010-01-22,-0.022389778995586695
2010-01-25,0.004587558568441175
2010-01-26,-0.004212057527034574
2010-01-27,0.004868282818539349
2010-01-28,-0.01188812580801546
2010-01-29,-0.009877798885372435
2010-02-01,0.014165305282512364
2010-02-02,0.01288952055619319
2010-02-03,-0.005489350391100878
2010-02-04,-0.03163585610994435
2010-02-05,0.0028929303104892057
2010-02-08,-0.00890280294113488
2010-02-09,0.012955842433248321
2010-02-10,-0.0022350697561659416
2010-02-11,0.009633882500662772
2010-02-12,-0.0027483661772960133
2010-02-16,0.017840653211308677
2010-02-17,0.004229004916906476
2010-02-18,0.006563157520632856
2010-02-19,0.002184234912895988
2010-02-22,-0.0010464049626977001
2010-02-23,-0.012176644778448598
2010-02-24,0.009673519106853767
2010-02-25,-0.0020832087091404716
2010-02-26,0.001404392712990088
2010-03-01,0.01010725769182308
2010-03-02,0.0023277313101397468
2010-03-03,0.00042910910226545695
2010-03-04,0.0037291563998014254
2010-03-05,0.013910282386297546
2010-03-08,-0.00017561128123677605
2010-03-09,0.001711271873264586
2010-03-10,0.004514354748042848
2010-03-11,0.004033374416621882
2010-03-12,-0.00021736957013640534
2010-03-15,0.0004520930309555027
2010-03-16,0.00774901483335011
2010-03-17,0.005804795332251977
2010-03-18,-0.00032589922718972986
2010-03-19,-0.0050994267616859545
2010-03-22,0.0050823598046321194
2010-03-23,0.007145377482904891
2010-03-24,-0.005508447679629214
2010-03-25,-0.0017056217396715923
2010-03-26,0.0007374511721245369
2010-03-29,0.0056671464118132064
2010-03-30,4.2658609411994064e-05
2010-03-31,-0.0032782424703752255
2010-04-01,0.00738645410980876
2010-04-05,0.00789672874949865
2010-04-06,0.001682878875924665
2010-04-07,-0.005894042771069863
2010-04-08,0.0033686612337993083
2010-04-09,0.00666166854112582
2010-04-12,0.0017650505634820846
2010-04-13,0.0006851665751632652
2010-04-14,0.011088362614340319
2010-04-15,0.000842184378327282
2010-04-16,-0.016257982365380563
2010-04-19,0.004511141032662813
2010-04-20,0.008026045390939984
2010-04-21,-0.0010195168178785963
2010-04-22,0.002261321025210705
2010-04-23,0.0070982673940882535
2010-04-26,-0.004305703969404107
2010-04-27,-0.023659640267706727
2010-04-28,0.006441958030287687
2010-04-29,0.012860180330377169
2010-04-30,-0.016787810236198908
2010-05-03,0.013035257990545723
2010-05-04,-0.02412719979954936
2010-05-05,-0.006608342254109445
2010-05-06,-0.032888440910475936
2010-05-07,-0.015426645708389586
2010-05-10,0.043034703635936644
2010-05-11,-0.0034030755683529534
2010-05-12,0.0136459925025747
2010-05-13,-0.012219500286890117
2010-05-14,-0.018978980782431876
2010-05-17,0.0011087530091620224
2010-05-18,-0.014297631274328815
2010-05-19,-0.005143468859224676
2010-05-20,-0.03975579582422473
2010-05-21,0.014912632044524088
2010-05-24,-0.012992046335848606
2010-05-25,0.0003538748738991515
2010-05-26,-0.005677078578179007
2010-05-27,0.03234731229790988
2010-05-28,-0.012451892878639903
2010-06-01,-0.017314353101285818
2010-06-02,0.025514428156661495
2010-06-03,0.004043191827163284
2010-06-04,-0.0350174419301954
2010-06-07,-0.013624465993151702
2010-06-08,0.010916267360907561
2010-06-09,-0.005959397126707344
2010-06-10,0.029079846216326644
2010-06-11,0.0043701159566040815
2010-06-14,-0.0018062942035257379
2010-06-15,0.023222450070635503
2010-06-16,-0.0005560892491915936
2010-06-17,0.0012821860718013056
2010-06-18,0.0013162644041857519
2010-06-21,-0.003864298307525438
2010-06-22,-0.016201224561693373
2010-06-23,-0.0029899396892005825
2010-06-24,-0.016946283526086958
2010-06-25,0.00285528252758116
2010-06-28,-0.0020360100973242368
2010-06-29,-0.0315082302982983
2010-06-30,-0.010164453687605324
2010-07-01,-0.0032457134839480872
2010-07-02,-0.004673271728095507
2010-07-06,0.005344726370479336
2010-07-07,0.030850023055206677
2010-07-08,0.009368654509553487
2010-07-09,0.007178063824609282
2010-07-12,0.0007326335479724833
2010-07-13,0.015261822899620192
2010-07-14,-0.00015514377890468722
2010-07-15,0.0011953880789734583
2010-07-16,-0.02924290916319805
2010-07-19,0.005964069477861322
2010-07-20,0.011351873736359153
2010-07-21,-0.01290269898165608
2010-07-22,0.022263687704432655
2010-07-23,0.008186419971383252
2010-07-26,0.011137909089887543
2010-07-27,-0.0010499083563972889
2010-07-28,-0.006946032693658566
2010-07-29,-0.00416729259597215
2010-07-30,6.349784158388161e-05
2010-08-02,0.021783528093032523
2010-08-03,-0.00480789427328876
2010-08-04,0.0060328777963274405
2010-08-05,-0.0012693292744438978
2010-08-06,-0.0037109156138122046
2010-08-09,0.005468086738551037
2010-08-10,-0.005985281186129399
2010-08-11,-0.028583406087846264
2010-08-12,-0.005393266997002932
2010-08-13,-0.00403169038775264
2010-08-16,0.00012045139728034115
2010-08-17,0.012118489435572144
2010-08-18,0.0014816803789212685
2010-08-19,-0.01708043558372463
2010-08-20,-0.003669754410941195
2010-08-23,-0.004048490744854583
2010-08-24,-0.014618768144024408
2010-08-25,0.0032839447512262865
2010-08-26,-0.007714466245583473
2010-08-27,0.016450710288579806
2010-08-30,-0.014828611229734001
2010-08-31,0.0003907179842386199
2010-09-01,0.029077736381012187
2010-09-02,0.009039853424428479
2010-09-03,0.013132393625520322
2010-09-07,-0.011537491460393845
2010-09-08,0.006418059219686967
2010-09-09,0.0048206524274290175
2010-09-10,0.004851544933806906
2010-09-13,0.011069126079166658
2010-09-14,-0.00071337319119813
2010-09-15,0.0035348831760044774
2010-09-16,-0.00036440995868858295
2010-09-17,0.0008265144343413411
2010-09-20,0.015095287784613554
2010-09-21,-0.0025673134358754623
2010-09-22,-0.004837172795714828
2010-09-23,-0.008366239964729516
2010-09-24,0.020972915644035695
2010-09-27,-0.0056835533868655475
2010-09-28,0.004838660743414991
2010-09-29,-0.0025911131428735246
2010-09-30,-0.0030884864475790863
2010-10-01,0.004406714306030679
2010-10-04,-0.008067386576345648
2010-10-05,0.020646722768260517
2010-10-06,-0.0006722302036621386
2010-10-07,-0.0016478754869249101
2010-10-08,0.006103612465109265
2010-10-11,0.00014582638050608665
2010-10-12,0.003811484312923774
2010-10-13,0.007095785512305497
2010-10-14,-0.003648032189774497
2010-10-15,0.0020254321817851917
2010-10-18,0.007217635088856866
2010-10-19,-0.016004644436954152
2010-10-20,0.010469083015239633
2010-10-21,0.0017723371049607195
2010-10-22,0.002386408539487128
2010-10-25,0.002144670094264889
2010-10-26,1.6885537576172283e-05
2010-10-27,-0.0026942100810884995
2010-10-28,0.001124217131326155
2010-10-29,-0.00043938336470716877
2010-11-01,0.0009460856181213728
2010-11-02,0.007729335723566599
2010-11-03,0.003671306738040947
2010-11-04,0.019099304690194607
2010-11-05,0.003915079058685045
2010-11-08,-0.002123210160636546
2010-11-09,-0.008084894881902116
2010-11-10,0.004366533972250508
2010-11-11,-0.004251149993643288
2010-11-12,-0.011878766141133923
2010-11-15,-0.001218177361572259
2010-11-16,-0.01633815726219634
2010-11-17,0.0002121403759556273
2010-11-18,0.0152405830517095
2010-11-19,0.0025371518606762677
2010-11-22,-0.0015766083443393697
2010-11-23,-0.01438703213755943
2010-11-24,0.014812716261144665
2010-11-26,-0.007496592117888667
2010-11-29,-0.001379809719784575
2010-11-30,-0.006088715661900501
2010-12-01,0.021386621877867995
2010-12-02,0.01273710015725893
2010-12-03,0.00259985431041887
2010-12-06,-0.0012990822501430799
2010-12-07,0.000514947680268385
2010-12-08,0.0036949255109153256
2010-12-09,0.0038353838087088477
2010-12-10,0.005983703410546326
2010-12-13,4.8319534657004226e-05
2010-12-14,0.0009105417790191694
2010-12-15,-0.005135617539543169
2010-12-16,0.006166045989470348
2010-12-17,0.0008364544097272386
2010-12-20,0.002545111561143898
2010-12-21,0.006011994223674932
2010-12-22,0.003373857438247363
2010-12-23,-0.0016456815473651076
2010-12-27,0.0006125092021305178
2010-12-28,0.0007710268310745505
2010-12-29,0.001008636088776882
2010-12-30,-0.0015093573675990513
2010-12-31,-0.00019080746630528722
2011-01-03,0.01125129377608225
2011-01-04,-0.0013139246958102646
2011-01-05,0.004994676527859454
2011-01-06,-0.002125214363826622
2011-01-07,-0.0018464860941307393
2011-01-10,-0.001377275180819204
2011-01-11,0.0037182058906095605
2011-01-12,0.008967254215249909
2011-01-13,-0.0017122111064917789
2011-01-14,0.007357409983501206
2011-01-18,0.001375464809378002
2011-01-19,-0.010167166112688975
2011-01-20,-0.0012957982634258514
2011-01-21,0.0024106377438339877
2011-01-24,0.005819315051155627
2011-01-25,0.000263427858290477
2011-01-26,0.00421202401498455
2011-01-27,0.002241790922327347
2011-01-28,-0.018013805235305824
2011-01-31,0.007633349700980396
2011-02-01,0.016555792066370145
2011-02-02,-0.002726230624441328
2011-02-03,0.0023514328345664026
2011-02-04,0.002880110656575674
2011-02-07,0.006220782565652172
2011-02-08,0.004176020027306215
2011-02-09,-0.002789652770850637
2011-02-10,0.000749212030126678
2011-02-11,0.0054922612790146985
2011-02-14,0.0023820847386319954
2011-02-15,-0.0032401542981315146
2011-02-16,0.006237938306052904
2011-02-17,0.003070971312341797
2011-02-18,0.0019228726808897534
2011-02-22,-0.020742205403800895
2011-02-23,-0.006130715018383803
2011-02-24,-0.0009948713275136356
2011-02-25,0.010495247937089225
2011-02-28,0.005545680086127547
2011-03-01,-0.015864862056603535
2011-03-02,0.0016138976208992517
2011-03-03,0.017072435112774897
2011-03-04,-0.00740539032583154
2011-03-07,-0.008376214853411668
2011-03-08,0.00888316122204369
2011-03-09,-0.001362630819177646
2011-03-10,-0.019051281102892226
2011-03-11,0.007055564568407391
2011-03-14,-0.006067696457972005
2011-03-15,-0.011263544757450283
2011-03-16,-0.019687481764716352
2011-03-17,0.013309266371714479
2011-03-18,0.004300939398326875
2011-03-21,0.01487466797158099
2011-03-22,-0.0035568850689822185
2011-03-23,0.0029097418480219517
2011-03-24,0.009297393346441751
2011-03-25,0.0031561512702138472
2011-03-28,-0.002751618940283862
2011-03-29,0.0070352396094754965
2011-03-30,0.006662463110583161
2011-03-31,-0.0018311773226757921
2011-04-01,0.004950712850845029
2011-04-04,0.00034515022778958127
2011-04-05,-0.0001800712816715233
2011-04-06,0.0021812966234175946
2011-04-07,-0.0015211624766697796
2011-04-08,-0.004012483135556799
2011-04-11,-0.0027972882853877223
2011-04-12,-0.007807095629646099
2011-04-13,0.00019021749033676372
2011-04-14,8.367358416094817e-05
2011-04-15,0.003917728688014321
2011-04-18,-0.011078997678250602
2011-04-19,0.005714809859449943
2011-04-20,0.013424434957363118
2011-04-21,0.005262908851541681
2011-04-25,-0.0015939396377202542
2011-04-26,0.008939507616226194
2011-04-27,0.006230397841249236
2011-04-28,0.0035491182594338255
2011-04-29,0.0022980198287507747
2011-05-02,-0.0017542486331336704
2011-05-03,-0.0033850266755290903
2011-05-04,-0.006878914380997081
2011-05-05,-0.009111216656012111
2011-05-06,0.0038126425574951384
2011-05-09,0.004533870183752953
2011-05-10,0.008041615923687573
2011-05-11,-0.01117368959623466
2011-05-12,0.004883493405896111
2011-05-13,-0.008100046388008764
2011-05-16,-0.0062237187651890125
2011-05-17,-0.0003686290993476504
2011-05-18,0.008765272552026637
2011-05-19,0.0021755726817325183
2011-05-20,-0.007717974569208863
2011-05-23,-0.011997265281523006
2011-05-24,-0.0008277227819171173
2011-05-25,0.003178113607035904
2011-05-26,0.003945322236429405
2011-05-27,0.004072615936277835
2011-05-31,0.01053701441753141
2011-06-01,-0.023048225442123815
2011-06-02,-0.001225586554215674
2011-06-03,-0.009781492493975641
2011-06-06,-0.010818515832998088
2011-06-07,-0.0009568654013500932
2011-06-08,-0.004195663787953663
2011-06-09,0.00735040901149997
2011-06-10,-0.014078483250655971
2011-06-13,0.0006685328853119898
2011-06-14,0.012532913437113713
2011-06-15,-0.01758556937304867
2011-06-16,0.0017527982098028971
2011-06-17,0.0030403900144628793
2011-06-20,0.005380688815148638
2011-06-21,0.01333417969829842
2011-06-22,-0.00648945993309713
2011-06-23,-0.0028319931313287583
2011-06-24,-0.011795077312358515
2011-06-27,0.00914253711469204
2011-06-28,0.012861292454711126
2011-06-29,0.008248633355299795
2011-06-30,0.010068371998806391
2011-07-01,0.014306868880698431
2011-07-05,-0.0013370724983081672
2011-07-06,0.001001057953691209
2011-07-07,0.010399582889799142
2011-07-08,-0.006985458198418115
2011-07-11,-0.018256167242101995
2011-07-12,-0.004443369384587115
2011-07-13,0.0031010270667923834
2011-07-14,-0.006738782684162281
2011-07-15,0.005539055896932155
2011-07-18,-0.008163118117682444
2011-07-19,0.01617714960472938
2011-07-20,-0.0006710579185602583
2011-07-21,0.013455262778640176
2011-07-22,0.0009074397337185403
2011-07-25,-0.005658995355618757
2011-07-26,-0.004113420583467864
2011-07-27,-0.020517724232866463
2011-07-28,-0.0032392073828786394
2011-07-29,-0.006471427558948584
2011-08-01,-0.004140860952172254
2011-08-02,-0.02588890873789662
2011-08-03,0.005003145958231592
2011-08-04,-0.049001655427183266
2011-08-05,-0.0005750826506947249
2011-08-08,-0.06895836943450107
2011-08-09,0.04631744075436561
2011-08-10,-0.04515679656516092
2011-08-11,0.045250594454454784
2011-08-12,0.00524787511209901
2011-08-15,0.021550727436821404
2011-08-16,-0.009786274786537597
2011-08-17,0.0009469382377833568
2011-08-18,-0.045618599589837494
2011-08-19,-0.015122756029436246
2011-08-22,0.0002580078802436603
2011-08-23,0.033710248999916814
2011-08-24,0.01303465136393367
2011-08-25,-0.015687934685227667
2011-08-26,0.015008418016619451
2011-08-29,0.027887504820918174
2011-08-30,0.0023442751140505536
2011-08-31,0.004909908955410991
2011-09-01,-0.011942461035326701
2011-09-02,-0.02560701708427704
2011-09-06,-0.007464076911629647
2011-09-07,0.028243825062517658
2011-09-08,-0.010668890638688922
2011-09-09,-0.027068562567921894
2011-09-12,0.006941568991442715
2011-09-13,0.00907872567713408
2011-09-14,0.013389760861324262
2011-09-15,0.0170410461841648
2011-09-16,0.005690476045438153
2011-09-19,-0.009850948731590314
2011-09-20,-0.0016623864524758503
2011-09-21,-0.029830995035750263
2011-09-22,-0.03240245660045371
2011-09-23,0.006063588724177116
2011-09-26,0.023068020894816854
2011-09-27,0.01063166560478912
2011-09-28,-0.02090819559946233
2011-09-29,0.008081485725596416
2011-09-30,-0.025291274073703462
2011-10-03,-0.028863603378554537
2011-10-04,0.022239306404668646
2011-10-05,0.017707918838931747
2011-10-06,0.018138168980814662
2011-10-07,-0.008196811388366143
2011-10-10,0.03355564415941892
2011-10-11,0.0005438552907532923
2011-10-12,0.009747046989915908
2011-10-13,-0.0029781025444206577
2011-10-14,0.017230948907104526
2011-10-17,-0.019559937847550835
2011-10-18,0.02021304976870386
2011-10-19,-0.01272981878580115
2011-10-20,0.0045438400134845125
2011-10-21,0.018634067203175064
2011-10-24,0.012790806356457907
2011-10-25,-0.02024834573562373
2011-10-26,0.01048143040424332
2011-10-27,0.0337165913080133
2011-10-28,0.00038915352848700735
2011-10-31,-0.025048616615664265
2011-11-01,-0.0283400600024164
2011-11-02,0.015976363213593636
2011-11-03,0.01860760720709642
2011-11-04,-0.006299819582901378
2011-11-07,0.00627600849227683
2011-11-08,0.011667310457509572
2011-11-09,-0.037385346804966524
2011-11-10,0.008587200623956015
2011-11-11,0.019293223470776333
2011-11-14,-0.009596037252337375
2011-11-15,0.004805598837444691
2011-11-16,-0.016755798810208056
2011-11-17,-0.01694267174607411
2011-11-18,-0.00039475692744339597
2011-11-21,-0.018824571157262326
2011-11-22,-0.004149438516689585
2011-11-23,-0.022342970459784617
2011-11-25,-0.0026891191992559627
2011-11-28,0.02882107913553522
2011-11-29,0.0022112064853692104
2011-11-30,0.04240343872625285
2011-12-01,-0.0019104696719143277
2011-12-02,-0.00024101556797884172
2011-12-05,0.01023446349435364
2011-12-06,0.001105138185931942
2011-12-07,0.0020163207326184818
2011-12-08,-0.021368498801342284
2011-12-09,0.016742412247979566
2011-12-12,-0.015026386341024711
2011-12-13,-0.00872395364282852
2011-12-14,-0.011413251353248555
2011-12-15,0.0032378530966177266
2011-12-16,0.0032109889545743897
2011-12-19,-0.01180219796771187
2011-12-20,0.029389295725887443
2011-12-21,0.0019476082650902171
2011-12-22,0.008231576931130746
2011-12-23,0.008994480739885624
2011-12-27,7.910509068942417e-05
2011-12-28,-0.012556506203601714
2011-12-29,0.01065017255308387
2011-12-30,-0.0043005707819512295
2012-01-03,0.015355483659043045
2012-01-04,0.00018790616088537604
2012-01-05,0.0029393928520526913
2012-01-06,-0.0025401850017328087
2012-01-09,0.0022590439104783755
2012-01-10,0.008846523704939102
2012-01-11,0.000309549024282596
2012-01-12,0.0023338831012438277
2012-01-13,-0.004960204308478211
2012-01-17,0.0035466576710563302
2012-01-18,0.011046689040167479
2012-01-19,0.004926501765026181
2012-01-20,0.0006692358823752187
2012-01-23,0.0004712318329511689
2012-01-24,-0.001026344140184321
2012-01-25,0.008641695338515554
2012-01-26,-0.005770508375100292
2012-01-27,-0.00159414780608369
2012-01-30,-0.0025253088662982037
2012-01-31,-0.00045705144349383886
2012-02-01,0.00886023774688649
2012-02-02,0.001094547647809918
2012-02-03,0.014499725687382004
2012-02-06,-0.00042396374633479894
2012-02-07,0.0020213376937432415
2012-02-08,0.0021578808520290593
2012-02-09,0.0014730249524497196
2012-02-10,-0.006910122254640605
2012-02-13,0.006777023411420835
2012-02-14,-0.0009399653506934058
2012-02-15,-0.005397747885188764
2012-02-16,0.010965366136226784
2012-02-17,0.002346175584604815
2012-02-21,0.0007196641479350063
2012-02-22,-0.0033456975903778385
2012-02-23,0.004262903358796422
2012-02-24,0.0016708409580585837
2012-02-27,0.0013536428548794888
2012-02-28,0.0033507135715842296
2012-02-29,-0.004748242755950649
2012-03-01,0.006139156463639495
2012-03-02,-0.0032510350730650117
2012-03-05,-0.003877200628466859
2012-03-06,-0.015489506349164017
2012-03-07,0.0068769220713349455
2012-03-08,0.00977004895653355
2012-03-09,0.0036246730667990334
2012-03-12,0.00016044800332704057
2012-03-13,0.017969132836255675
2012-03-14,-0.0011969781783962574
2012-03-15,0.005949466209694165
2012-03-16,0.001118772220436881
2012-03-19,0.003965971475124341
2012-03-20,-0.0030050284008842354
2012-03-21,-0.00187294998668186
2012-03-22,-0.007232634690648609
2012-03-23,0.003104035969073493
2012-03-26,0.01379030038118323
2012-03-27,-0.002820749587852056
2012-03-28,-0.004953759059610263
2012-03-29,-0.0016092241104779248
2012-03-30,0.0036916140439577916
2012-04-02,0.007476625866160269
2012-04-03,-0.003996611693184882
2012-04-04,-0.010254926890774563
2012-04-05,-0.0006292402362140237
2012-04-09,-0.011423438084775306
2012-04-10,-0.017229025020576216
2012-04-11,0.007421289713526846
2012-04-12,0.01368531498198955
2012-04-13,-0.012553466745688802
2012-04-16,-0.0005037276222790155
2012-04-17,0.0153679791555561
2012-04-18,-0.004063533294476507
2012-04-19,-0.005952075691294745
2012-04-20,0.001168582366263493
2012-04-23,-0.008443113184728013
2012-04-24,0.003673020155211759
2012-04-25,0.013552342390234173
2012-04-26,0.006657952090803221
2012-04-27,0.0024114140133342232
2012-04-30,-0.003891062153394742
2012-05-01,0.00564243564260547
2012-05-02,-0.0024998050813396233
2012-05-03,-0.007688351600931398
2012-05-04,-0.016278995211432168
2012-05-07,0.0003505192405333091
2012-05-08,-0.004287852877344456
2012-05-09,-0.006724827789849286
2012-05-10,0.0025142472741679356
2012-05-11,-0.003393090901927742
2012-05-14,-0.01117507305272003
2012-05-15,-0.005762408720920931
2012-05-16,-0.004413543664175457
2012-05-17,-0.015165797804765901
2012-05-18,-0.007415201328121235
2012-05-21,0.015908683988532957
2012-05-22,0.00048621906224521894
2012-05-23,0.0016922701589781042
2012-05-24,0.001379080644027475
2012-05-25,-0.002167981140983599
2012-05-29,0.011018055539220306
2012-05-30,-0.014438629565940886
2012-05-31,-0.002279260881678624
2012-06-01,-0.02495129542152874
2012-06-04,0.00010954847004196466
2012-06-05,0.0057105143682081305
2012-06-06,0.02278777613715466
2012-06-07,-0.00010647042750733249
2012-06-08,0.008081420842676934
2012-06-11,-0.012700423459016896
2012-06-12,0.011583389898697227
2012-06-13,-0.007048030200276223
2012-06-14,0.0107565928722817
2012-06-15,0.010284745474422152
2012-06-18,0.0014437036043633
2012-06-19,0.009767834293191946
2012-06-20,-0.0016877804672530416
2012-06-21,-0.022513207706894356
2012-06-22,0.007148989408803708
2012-06-25,-0.0160835025157402
2012-06-26,0.004761367757481594
2012-06-27,0.008944781908068578
2012-06-28,-0.0021120287036859864
2012-06-29,0.024614793650032496
2012-07-02,0.002456292462260201
2012-07-03,0.006212771737937217
2012-07-05,-0.004698041947461817
2012-07-06,-0.009477418402212834
2012-07-09,-0.0016401763376867606
2012-07-10,-0.008159121614497167
2012-07-11,-1.492403842284773e-05
2012-07-12,-0.004999574048738964
2012-07-13,0.0163627588531714
2012-07-16,-0.0023169954130954906
2012-07-17,0.007382355590298317
2012-07-18,0.00665827507372363
2012-07-19,0.002713415635037464
2012-07-20,-0.010112620836301822
2012-07-23,-0.008948978524753848
2012-07-24,-0.009082050235957873
2012-07-25,-0.0003139107628991056
2012-07-26,0.016405662946841204
2012-07-27,0.018900814359986917
2012-07-30,-0.00048347653474056784
2012-07-31,-0.004326173099859609
2012-08-01,-0.002904192902354552
2012-08-02,-0.007531963413957676
2012-08-03,0.018861288016807087
2012-08-06,0.0023265605563453917
2012-08-07,0.005093763374274474
2012-08-08,0.0006206337236971393
2012-08-09,0.0004135999059773354
2012-08-10,0.00218605046122633
2012-08-13,-0.0012526852452188209
2012-08-14,-0.00012815415574429778
2012-08-15,0.001138991212334517
2012-08-16,0.007075420764301121
2012-08-17,0.0018703834471960334
2012-08-20,-2.117484431352068e-05
2012-08-21,-0.003503666858381216
2012-08-22,0.00022637741894548924
2012-08-23,-0.008104999470914365
2012-08-24,0.006433988465312623
2012-08-27,-0.0004891347915982891
2012-08-28,-0.0008085086328080138
2012-08-29,0.0008439926761756311
2012-08-30,-0.007836429898453012
2012-08-31,0.005060470063710909
2012-09-04,-0.001166639572966588
2012-09-05,-0.0010682316535977066
2012-09-06,0.02022953681964612
2012-09-07,0.0040417951088036475
2012-09-10,-0.006166805730953406
2012-09-11,0.0031300524231063775
2012-09-12,0.002090505602004633
2012-09-13,0.01617817171051872
2012-09-14,0.003951135773138326
2012-09-17,-0.0031295834580902238
2012-09-18,-0.0012805950521705967
2012-09-19,0.001184852060092112
2012-09-20,-0.0005408799499573291
2012-09-21,-7.532229979378968e-05
2012-09-24,-0.0022351495444947744
2012-09-25,-0.010557389535232886
2012-09-26,-0.005753253538059333
2012-09-27,0.009602727623785334
2012-09-28,-0.004487807912684438
2012-10-01,0.0026479974677808826
2012-10-02,0.0008719068895199911
2012-10-03,0.003617857131505531
2012-10-04,0.007148821609892053
2012-10-05,-0.000321640602879647
2012-10-08,-0.003462723964799075
2012-10-09,-0.009940182540820963
2012-10-10,-0.006207254957710795
2012-10-11,0.0001953702788073386
2012-10-12,-0.002970544955642751
2012-10-15,0.008045470708260005
2012-10-16,0.010217555773385456
2012-10-17,0.0041086059653698825
2012-10-18,-0.002446719630599503
2012-10-19,-0.01671014500679302
2012-10-22,0.0004394857604061997
2012-10-23,-0.01454923501792127
2012-10-24,-0.0030901522348010246
2012-10-25,0.002991065158501449
2012-10-26,-0.000729248066475563
2012-10-31,0.0001558677117614593
2012-11-01,0.010867212854097197
2012-11-02,-0.009423718490295663
2012-11-05,0.002161471631964673
2012-11-06,0.007822509203480266
2012-11-07,-0.023990484638215293
2012-11-08,-0.01227993293047902
2012-11-09,0.001697251409755296
2012-11-12,0.00013047886134831543
2012-11-13,-0.003993383475606294
2012-11-14,-0.013948870401252478
2012-11-15,-0.0015948158245180366
2012-11-16,0.004828274861759851
2012-11-19,0.019667376906862266
2012-11-20,0.0006631664750651467
2012-11-21,0.0023174931548233246
2012-11-23,0.012942201988551005
2012-11-26,-0.002031644019931278
2012-11-27,-0.005240293931182194
2012-11-28,0.007825331255542523
2012-11-29,0.004260553240477805
2012-11-30,0.00016249465956708065
2012-12-03,-0.004756519326031494
2012-12-04,-0.0017112757132444756
2012-12-05,0.0015836073217769808
2012-12-06,0.0033011357820491583
2012-12-07,0.002916662082825816
2012-12-10,0.0003385035749801091
2012-12-11,0.006527531319976632
2012-12-12,0.00044813887996486557
2012-12-13,-0.006341489769948083
2012-12-14,-0.004143975597092897
2012-12-17,0.01180068783071242
2012-12-18,0.011421185869362027
2012-12-19,-0.007618145236680363
2012-12-20,0.005473104129230855
2012-12-21,-0.009422944458272298
2012-12-24,-0.0024432788076920176
2012-12-26,-0.004798956702493307
2012-12-27,-0.0012191845857651984
2012-12-28,-0.011111445760829675
2012-12-31,0.01680002677892034
2013-01-02,0.02508611628094215
2013-01-03,-0.002087795541219961
2013-01-04,0.004853300261723703
2013-01-07,-0.003128003221079645
2013-01-08,-0.0032476397053775585
2013-01-09,0.0026523459636784708
2013-01-10,0.007568699708768278
2013-01-11,-4.751491861387791e-05
2013-01-14,-0.0009311048251285925
2013-01-15,0.001128033220796354
2013-01-16,0.00019697246749128539
2013-01-17,0.005627060187459065
2013-01-18,0.0033974923370214682
2013-01-22,0.00441833221534349
2013-01-23,0.0015063419238829923
2013-01-24,6.61419639502725e-06
2013-01-25,0.00543070889682884
2013-01-28,-0.0018513341236916503
2013-01-29,0.005093003707688837
2013-01-30,-0.003907244749308703
2013-01-31,-0.0025665922346744807
2013-02-01,0.010002513494820953
2013-02-04,-0.011605832704006502
2013-02-05,0.01036263213891786
2013-02-06,0.0005490198229907151
2013-02-07,-0.001807030745441196
2013-02-08,0.005641994542558315
2013-02-11,-0.000606301283571753
2013-02-12,0.001594001173350179
2013-02-13,0.0005920875485756483
2013-02-14,0.0006904333780513028
2013-02-15,-0.0010456279141646263
2013-02-19,0.007309694217125795
2013-02-20,-0.012481711278324426
2013-02-21,-0.006323005315588048
2013-02-22,0.008734213623575293
2013-02-25,-0.018479275579678323
2013-02-26,0.006090876312883964
2013-02-27,0.012645699235805274
2013-02-28,-0.0008644531160149072
2013-03-01,0.0023211591454765923
2013-03-04,0.004600126548869099
2013-03-05,0.009520551944599553
2013-03-06,0.0010839251365508673
2013-03-07,0.001814843728432436
2013-03-08,0.004471128747533193
2013-03-11,0.003243818870290127
2013-03-12,-0.0024061458895046073
2013-03-13,0.0013131897606468712
2013-03-14,0.005587351557571729
2013-03-15,-0.0016197735602556662
2013-03-18,-0.005525569958121146
2013-03-19,-0.0024254698776005057
2013-03-20,0.006675163739863876
2013-03-21,-0.008316923684914101
2013-03-22,0.00714864391792247
2013-03-25,-0.0033456297885692265
2013-03-26,0.0077549637562022156
2013-03-27,-0.0005885230873801106
2013-03-28,0.00404846287235916
2013-04-01,-0.0044836165714574605
2013-04-02,0.005158933863846471
2013-04-03,-0.010602133480315246
2013-04-04,0.004040278973726608
2013-04-05,-0.004304145059551345
2013-04-08,0.00628295877146634
2013-04-09,0.003538065767386911
2013-04-10,0.012115443258439385
2013-04-11,0.003545956401262096
2013-04-12,-0.002840797984396737
2013-04-15,-0.02323412503743949
2013-04-16,0.01420584087095289
2013-04-17,-0.014431313351389363
2013-04-18,-0.006723556348607218
2013-04-19,0.008808989279104118
2013-04-22,0.00465079821542691
2013-04-23,0.010365312617512501
2013-04-24,6.340318526198985e-06
2013-04-25,0.0040266144912219914
2013-04-26,-0.0018438118362897882
2013-04-29,0.007160315296927955
2013-04-30,0.0024818174582508234
2013-05-01,-0.009351472577221465
2013-05-02,0.009364004031390927
2013-05-03,0.010479563869570718
2013-05-06,0.0019059610946099426
2013-05-07,0.005216639198276418
2013-05-08,0.004130538579435239
2013-05-09,-0.003693917746331543
2013-05-10,0.00431234363275923
2013-05-13,4.288884098890833e-05
2013-05-14,0.01009106679111671
2013-05-15,0.005101103202359347
2013-05-16,-0.005022331626565624
2013-05-17,0.010247411984728672
2013-05-20,-0.0007078686202550699
2013-05-21,0.001720904612859897
2013-05-22,-0.008308073907991265
2013-05-23,-0.002928115212740501
2013-05-24,-0.0005515173899830472
2013-05-28,0.006320962102872585
2013-05-29,-0.007072936701166377
2013-05-30,0.00366362521898278
2013-05-31,-0.014410576956969123
2013-06-03,0.005918440036802863
2013-06-04,-0.005526047967109982
2013-06-05,-0.013875554873113316
2013-06-06,0.008454454651964483
2013-06-07,0.012749914347878644
2013-06-10,-0.00034687342765682416
2013-06-11,-0.010205264360044985
2013-06-12,-0.008404776689422633
2013-06-13,0.01467606859182169
2013-06-14,-0.005902401135768898
2013-06-17,0.007538875812737267
2013-06-18,0.007760963712858171
2013-06-19,-0.013948301396968787
2013-06-20,-0.02532842482554809
2013-06-21,0.0026662194908420034
2013-06-24,-0.012219369026923665
2013-06-25,0.009452456258131292
2013-06-26,0.009544789999321956
2013-06-27,0.006180691047567244
2013-06-28,-0.004298789058746699
2013-07-01,0.005389199832912084
2013-07-02,-0.0005450567626335001
2013-07-03,0.000823707817223962
2013-07-05,0.010150046029892223
2013-07-08,0.0052378050365025075
2013-07-09,0.007203661721820076
2013-07-10,0.00018157606866164855
2013-07-11,0.013463213116111206
2013-07-12,0.0030817296989935627
2013-07-15,0.0013739353933441834
2013-07-16,-0.0037156552778867535
2013-07-17,0.0027702064016787986
2013-07-18,0.0050203417495380265
2013-07-19,0.001608755755206026
2013-07-22,0.0020309622611414113
2013-07-23,-0.0018536534855124742
2013-07-24,-0.0038185031784134793
2013-07-25,0.0025532102261527356
2013-07-26,0.000827951193140386
2013-07-29,-0.0037430339630484255
2013-07-30,0.0003737471548541649
2013-07-31,-0.0001364188311381298
2013-08-01,0.012462588439829503
2013-08-02,0.0016391141885909732
2013-08-05,-0.001480930703614547
2013-08-06,-0.005739473105530912
2013-08-07,-0.0038131256991684737
2013-08-08,0.003877920904169052
2013-08-09,-0.0035763477329497917
2013-08-12,-0.0011535857171365294
2013-08-13,0.0027722097254843092
2013-08-14,-0.005190062913200677
2013-08-15,-0.01438456533055188
2013-08-16,-0.0033100674825092824
2013-08-19,-0.005917777677325375
2013-08-20,0.003813913102159283
2013-08-21,-0.0057963696133134235
2013-08-22,0.008582441676510122
2013-08-23,0.003939241872493504
2013-08-26,-0.0040478394092460235
2013-08-27,-0.016001539337487714
2013-08-28,0.0027438776346881966
2013-08-29,0.001961476644251725
2013-08-30,-0.003179367044217507
2013-09-03,0.0041555753310218435
2013-09-04,0.008084187609615157
2013-09-05,0.0012091315395075242
2013-09-06,5.4429725865112744e-05
2013-09-09,0.009943282143316523
2013-09-10,0.007318940308236321
2013-09-11,0.0030476348223746896
2013-09-12,-0.003386141864693215
2013-09-13,0.0027110014817690598
2013-09-16,0.005677008678580009
2013-09-17,0.004208869490124556
2013-09-18,0.01210412169259012
2013-09-19,-0.0018446543158114892
2013-09-20,-0.007243054172260344
2013-09-23,-0.004730758731280815
2013-09-24,-0.0026005215710984686
2013-09-25,-0.0027432249096825956
2013-09-26,0.0034793656032787723
2013-09-27,-0.00408212169563793
2013-09-30,-0.006047479878978024
2013-10-01,0.007966724581193851
2013-10-02,-0.0006668919395238504
2013-10-03,-0.009019972538411913
2013-10-04,0.007028466811325629
2013-10-07,-0.008542747606735013
2013-10-08,-0.012408749964991195
2013-10-09,0.0005737415844517813
2013-10-10,0.021595623372834716
2013-10-11,0.006266595276393616
2013-10-14,0.00406644145177637
2013-10-15,-0.007088789580090626
2013-10-16,0.0137328040315845
2013-10-17,0.0067213142111341995
2013-10-18,0.006527405702530409
2013-10-21,9.173210661117537e-05
2013-10-22,0.0057211163737873605
2013-10-23,-0.004735753204100135
2013-10-24,0.0032528383122683024
2013-10-25,0.004385214824128347
2013-10-28,0.0013288160533546645
2013-10-29,0.005568661316608825
2013-10-30,-0.0048878493671811185
2013-10-31,-0.0038467708339098294
2013-11-01,0.0028992146473560965
2013-11-04,0.0035641993420361118
2013-11-05,-0.0028095308434483712
2013-11-06,0.004256468411513836
2013-11-07,-0.013270436104209082
2013-11-08,0.013338208830703024
2013-11-11,0.0007226704619380797
2013-11-12,-0.0023732058738508144
2013-11-13,0.008062752950318774
2013-11-14,0.004825596755005712
2013-11-15,0.004213146500078757
2013-11-18,-0.0037050527499671304
2013-11-19,-0.0020450551774366943
2013-11-20,-0.003642235996400345
2013-11-21,0.008095705717107826
2013-11-22,0.004949190399327286
2013-11-25,-0.001264141177163225
2013-11-26,0.00014979349556210053
2013-11-27,0.002481998418086384
2013-11-29,-0.0007859979727733446
2013-12-02,-0.002722723989604603
2013-12-03,-0.003197955992630064
2013-12-04,-0.0013043430125314615
2013-12-05,-0.004349016205993372
2013-12-06,0.011175195142734573
2013-12-09,0.0018154510836030369
2013-12-10,-0.003184724895863411
2013-12-11,-0.01138139744302169
2013-12-12,-0.0037776885457319054
2013-12-13,-0.00010141544932906754
2013-12-16,0.0063001522572356805
2013-12-17,-0.0031058059013879813
2013-12-18,0.016510905780492635
2013-12-19,-0.0005800969708973369
2013-12-20,0.004807155052903411
2013-12-23,0.005304028916963688
2013-12-24,0.0029115042748495412
2013-12-26,0.00473430503327954
2013-12-27,-0.00033664148994638765
2013-12-30,-0.00017926989415961714
2013-12-31,0.003951856315917546
2014-01-02,-0.008901413082297083
2014-01-03,-0.00033302032827897676
2014-01-06,-0.0025149269331707913
2014-01-07,0.006063345182553803
2014-01-08,-0.00021223169476591863
2014-01-09,0.0003482487348200891
2014-01-10,0.002304030363094789
2014-01-13,-0.012655966489665715
2014-01-14,0.010759876278140013
2014-01-15,0.0051528891343552985
2014-01-16,-0.0013480283593692022
2014-01-17,-0.0039027806039486634
2014-01-21,0.002769912429512189
2014-01-22,0.0005746997659867858
2014-01-23,-0.008929324539825423
2014-01-24,-0.021096421496433315
2014-01-27,-0.0048882215903987
2014-01-28,0.006121875394401677
2014-01-29,-0.010261704005370298
2014-01-30,0.011204044242667521
2014-01-31,-0.006486289887023489
2014-02-03,-0.023096604603460413
2014-02-04,0.007612043383330658
2014-02-05,-0.0020302821100290913
2014-02-06,0.012363054415667207
2014-02-07,0.013214193602149038
2014-02-10,0.0015680046422410499
2014-02-11,0.011001375844419847
2014-02-12,-0.0002692985188907926
2014-02-13,0.005793211820059874
2014-02-14,0.004797689479171474
2014-02-18,0.00115780345614791
2014-02-19,-0.006545861900521643
2014-02-20,0.006013341665569882
2014-02-21,-0.0019205665118171567
2014-02-24,0.006167455362052543
2014-02-25,-0.0013485905500072448
2014-02-26,2.1699708253386518e-05
2014-02-27,0.004935881472094117
2014-02-28,0.002778824222610332
2014-03-03,-0.007405866361986035
2014-03-04,0.015152322834216747
2014-03-05,-5.3352436970577344e-05
2014-03-06,0.0017169331218909178
2014-03-07,0.0005379447019979722
2014-03-10,-0.000463353578807002
2014-03-11,-0.005095096941602151
2014-03-12,0.0003051241684630668
2014-03-13,-0.011770091506562608
2014-03-14,-0.0028257664511164293
2014-03-17,0.009567717601968617
2014-03-18,0.007193682274894364
2014-03-19,-0.0061505248448234795
2014-03-20,0.006022333960809867
2014-03-21,-0.0029369799906726612
2014-03-24,-0.0048765814292135445
2014-03-25,0.004394271004722228
2014-03-26,-0.0070249366727699325
2014-03-27,-0.0019018915970701045
2014-03-28,0.0046294892141265365
2014-03-31,0.00789287154385132
2014-04-01,0.007014688196848695
2014-04-02,0.0028492633642569487
2014-04-03,-0.0011270847458568767
2014-04-04,-0.01261654307714899
2014-04-07,-0.01080831246236702
2014-04-08,0.0037435380478001434
2014-04-09,0.010859039462616238
2014-04-10,-0.021105967921619673
2014-04-11,-0.009532059933807346
2014-04-14,0.008183708182437854
2014-04-15,0.006734579455407008
2014-04-16,0.010433868421252157
2014-04-17,0.0013629237109862302
2014-04-21,0.0037680156213486526
2014-04-22,0.004083788899761132
2014-04-23,-0.002215766766505922
2014-04-24,0.0017154879007303947
2014-04-25,-0.008129344778570413
2014-04-28,0.0032308115393364645
2014-04-29,0.004749460320892851
2014-04-30,0.002987549740584683
2014-05-01,-0.00014327149964454833
2014-05-02,-0.0013493549964387341
2014-05-05,0.0018694673001089512
2014-05-06,-0.009029031207697713
2014-05-07,0.005600754745358927
2014-05-08,-0.0013745692035840307
2014-05-09,0.0015183228828634654
2014-05-12,0.009626256203539185
2014-05-13,0.00042166891601436163
2014-05-14,-0.004712089631634164
2014-05-15,-0.00940590380541284
2014-05-16,0.003739962410462816
2014-05-19,0.0038374143479078526
2014-05-20,-0.006519604608732799
2014-05-21,0.008083340419706708
2014-05-22,0.0023594442281096306
2014-05-23,0.00423939288552333
2014-05-27,0.005969950273752467
2014-05-28,-0.0011146928115257637
2014-05-29,0.005352758658191625
2014-05-30,0.0018419804474474333
2014-06-02,0.0007275616685555875
2014-06-03,-0.0003792887455595917
2014-06-04,0.00188987678895014
2014-06-05,0.00650408209108555
2014-06-06,0.004617083307417502
2014-06-09,0.0009383313051074538
2014-06-10,-0.0002460141541451577
2014-06-11,-0.0035433109387730255
2014-06-12,-0.007114139451911861
2014-06-13,0.0031296592884118013
2014-06-16,0.0008363552703887223
2014-06-17,0.002170212477405009
2014-06-18,0.007689243041889782
2014-06-19,0.0012766632954708257
2014-06-20,0.0017285636751953604
2014-06-23,-0.00013247297232688027
2014-06-24,-0.006456106559874719
2014-06-25,0.004885557511601135
2014-06-26,-0.0011795791244537668
2014-06-27,0.0019090451182739443
2014-06-30,-0.00037232626800332014
2014-07-01,0.00665557298946684
2014-07-02,0.0006585961622613823
2014-07-03,0.005464550082405317
2014-07-07,-0.00393123905908066
2014-07-08,-0.00707376194048237
2014-07-09,0.004633516493711909
2014-07-10,-0.004139628149624208
2014-07-11,0.0014698417040044376
2014-07-14,0.004831861083339994
2014-07-15,-0.0019339649278222737
2014-07-16,0.004192285014020136
2014-07-17,-0.011904605841449367
2014-07-18,0.010212609109589543
2014-07-21,-0.002322946514599522
2014-07-22,0.005003610958253191
2014-07-23,0.0017529010446368787
2014-07-24,0.00048803645880468594
2014-07-25,-0.004860945719489251
2014-07-28,0.00028811321192367956
2014-07-29,-0.004538068410160356
2014-07-30,6.0910859930984884e-05
2014-07-31,-0.020201931980176724
2014-08-01,-0.0028632164747053324
2014-08-04,0.00716331454385255
2014-08-05,-0.009732679043913173
2014-08-06,1.5638271756657218e-05
2014-08-07,-0.0055721154760535185
2014-08-08,0.011465422802372949
2014-08-11,0.002755624961050529
2014-08-12,-0.0016379824023902145
2014-08-13,0.006684767255011437
2014-08-14,0.0043363982690420855
2014-08-15,-6.137474762191175e-05
2014-08-18,0.008495482892998396
2014-08-19,0.004988190507019041
2014-08-20,0.0024747481915730063
2014-08-21,0.0029455471034696146
2014-08-22,-0.0019945750682435204
2014-08-25,0.004776354099214508
2014-08-26,0.0010505291022440133
2014-08-27,4.9985750322001365e-05
2014-08-28,-0.0016913306037347198
2014-08-29,0.0033149143879036558
2014-09-02,-0.0005442143074763095
2014-09-03,-0.0007794444561488589
2014-09-04,-0.0015355995603707484
2014-09-05,0.005023247943363174
2014-09-08,-0.0030778459166720396
2014-09-09,-0.006566521705765105
2014-09-10,0.003639443601110237
2014-09-11,0.0008815168822389197
2014-09-12,-0.005980405437436609
2014-09-15,-0.0007104036575693584
2014-09-16,0.007456507030998871
2014-09-17,0.0012948051691656914
2014-09-18,0.004879257096969347
2014-09-19,-0.00047738354157544904
2014-09-22,-0.008045602355597481
2014-09-23,-0.005793249811874901
2014-09-24,0.007801976608253547
2014-09-25,-0.016300913470396416
2014-09-26,0.008539261452038538
2014-09-29,-0.0025500509788356496
2014-09-30,-0.002789816662903455
2014-10-01,-0.013337106173277213
2014-10-02,5.143448679412188e-06
2014-10-03,0.011103635285394375
2014-10-06,-0.001566385938109427
2014-10-07,-0.015241618258034606
2014-10-08,0.01731094746264361
2014-10-09,-0.020877848600460602
2014-10-10,-0.011517079997145352
2014-10-13,-0.016605033389018864
2014-10-14,0.001577619714349332
2014-10-15,-0.008133300760381879
2014-10-16,0.00014496745210212936
2014-10-17,0.01280181337554609
2014-10-20,0.009101116120155517
2014-10-21,0.01938537055172862
2014-10-22,-0.007326100691114945
2014-10-23,0.012228305755854763
2014-10-24,0.00702869029605413
2014-10-27,-0.0015026967912614708
2014-10-28,0.011868364593755842
2014-10-29,-0.0013863159905227462
2014-10-30,0.006210796953581621
2014-10-31,0.01166311452590385
2014-11-03,-0.0001189288002354516
2014-11-04,-0.002833853248211504
2014-11-05,0.005684310712171126
2014-11-06,0.0037684038179452983
2014-11-07,0.0003495251229255203
2014-11-10,0.003115327107632737
2014-11-11,0.0006964516570189261
2014-11-12,-0.0007013627206378104
2014-11-13,0.0005297044015835084
2014-11-14,0.00024024123365418149
2014-11-17,0.0007350887777626269
2014-11-18,0.005120849579061115
2014-11-19,-0.0015022868144791701
2014-11-20,0.001965163868296038
2014-11-21,0.005223212603738148
2014-11-24,0.002859929760886004
2014-11-25,-0.0011506915591885658
2014-11-26,0.0028020525549239395
2014-11-28,-0.002545664380220636
2014-12-01,-0.006852789739160592
2014-12-02,0.006364167039856206
2014-12-03,0.0037576736905968744
2014-12-04,-0.001162571611194707
2014-12-05,0.0016638314482451122
2014-12-08,-0.007283021862191319
2014-12-09,-0.00023785219748173603
2014-12-10,-0.016486120835065954
2014-12-11,0.004525433771237708
2014-12-12,-0.016346465792101306
2014-12-15,-0.0063627861855106715
2014-12-16,-0.00852526004308718
2014-12-17,0.020148073536758737
2014-12-18,0.023731374483640266
2014-12-19,0.004559638028821311
2014-12-22,0.003803222615868407
2014-12-23,0.0017448387198077953
2014-12-24,-0.00013930621104574215
2014-12-26,0.0033041101164723585
2014-12-29,0.0008614030317728449
2014-12-30,-0.0049005926973650915
2014-12-31,-0.010364383893445073
2015-01-02,-0.0003400213896851412
2015-01-05,-0.01844721347614442
2015-01-06,-0.008933254839187832
2015-01-07,0.011562735816044167
2015-01-08,0.017730168536121305
2015-01-09,-0.00843932215298615
2015-01-12,-0.00812661692658967
2015-01-13,-0.002581885698118569
2015-01-14,-0.0058300285881660585
2015-01-15,-0.009290903210184887
2015-01-16,0.013334893185903418
2015-01-20,0.0015487524912991546
2015-01-21,0.004720464879542696
2015-01-22,0.015154312961683125
2015-01-23,-0.005506656287836975
2015-01-26,0.002565168226942305
2015-01-27,-0.01347828778434046
2015-01-28,-0.013587502985455302
2015-01-29,0.009489517148010052
2015-01-30,-0.01307709912379984
2015-02-02,0.012879170322592337
2015-02-03,0.014336238227742548
2015-02-04,-0.004164706312833388
2015-02-05,0.010238810823374855
2015-02-06,-0.0034240276947166137
2015-02-09,-0.004256239569425446
2015-02-10,0.010618979721447985
2015-02-11,-2.9034206551870057e-05
2015-02-12,0.009598294984989764
2015-02-13,0.004066459340458017
2015-02-17,0.00159629986164056
2015-02-18,-0.00031435850414673894
2015-02-19,-0.0010626219688205651
2015-02-20,0.006107842884446768
2015-02-23,-0.0003033853452762969
2015-02-24,0.0027549722990949377
2015-02-25,-0.0007660169415979468
2015-02-26,-0.0014771185417172816
2015-02-27,-0.0029606829375925514
2015-03-02,0.006106238380375828
2015-03-03,-0.004548872943908044
2015-03-04,-0.004398161230775521
2015-03-05,0.001195365362756995
2015-03-06,-0.014275356219563662
2015-03-09,0.003936662417643788
2015-03-10,-0.017106821197867994
2015-03-11,-0.001919520703458133
2015-03-12,0.01252270223771923
2015-03-13,-0.006093237174408017
2015-03-16,0.013442908996060154
2015-03-17,-0.0033256976557032303
2015-03-18,0.012085101644751184
2015-03-19,-0.004884488902590078
2015-03-20,0.008972382131960721
2015-03-23,-0.0017472567103755665
2015-03-24,-0.006158345760990613
2015-03-25,-0.0146659264438469
2015-03-26,-0.002380330988047241
2015-03-27,0.002365761124121235
2015-03-30,0.012162382307369768
2015-03-31,-0.008834685901175199
2015-04-01,-0.003973254603097942
2015-04-02,0.003523452531189797
2015-04-06,0.0065870725268109
2015-04-07,-0.0020640326786720564
2015-04-08,0.002678941452436412
2015-04-09,0.004447576210591997
2015-04-10,0.00518937692086574
2015-04-13,-0.004591806842473289
2015-04-14,0.001628432138949698
2015-04-15,0.005134989081813757
2015-04-16,-0.0007787469583320217
2015-04-17,-0.011375703905032175
2015-04-20,0.009192748250198335
2015-04-21,-0.0014817023709090549
2015-04-22,0.005074582912836689
2015-04-23,0.0023549409829861645
2015-04-24,0.002250266462833217
2015-04-27,-0.004149912989626081
2015-04-28,0.002765404488902945
2015-04-29,-0.0037473480752430177
2015-04-30,-0.010180553084023991
2015-05-01,0.010863776421428106
2015-05-04,0.002936433066564881
2015-05-05,-0.01190800321777541
2015-05-06,-0.004465681336096594
2015-05-07,0.0037667106347276658
2015-05-08,0.013368148149806913
2015-05-11,-0.005102556677901049
2015-05-12,-0.0029539964693166
2015-05-13,-0.0003050014247047983
2015-05-14,0.01072160464719829
2015-05-15,0.0007681184449799261
2015-05-18,0.003043312612671656
2015-05-19,-0.0006435815758640828
2015-05-20,-0.0009309492303488653
2015-05-21,0.0023351455783888753
2015-05-22,-0.002236384789746637
2015-05-26,-0.010335205180265206
2015-05-27,0.009120918790046062
2015-05-28,-0.0012675637262109518
2015-05-29,-0.006338514954439489
2015-06-01,0.0020573430769852408
2015-06-02,-0.0010091047804285935
2015-06-03,0.0021166291368182044
2015-06-04,-0.008660561992922311
2015-06-05,-0.0014372153446462477
2015-06-08,-0.006495560421355684
2015-06-09,0.0004182654965276811
2015-06-10,0.011970491836123642
2015-06-11,0.0017371166381225933
2015-06-12,-0.007018874654511897
2015-06-15,-0.00463328924790396
2015-06-16,0.005673730313530356
2015-06-17,0.001977684231475152
2015-06-18,0.009854000136931163
2015-06-19,-0.00531761523853902
2015-06-22,0.006076368254549713
2015-06-23,0.0006356661823518905
2015-06-24,-0.00738046569667361
2015-06-25,-0.0029780039040749884
2015-06-26,-0.0003901560496899492
2015-06-29,-0.021086969192054994
2015-06-30,0.002654961942953449
2015-07-01,0.0069120966992928246
2015-07-02,-0.0003080703926672257
2015-07-06,-0.003869232442655246
2015-07-07,0.006062560533126593
2015-07-08,-0.01679296482345638
2015-07-09,0.0022596477016287864
2015-07-10,0.012262986096673423
2015-07-13,0.011005268761366871
2015-07-14,0.004443272991281333
2015-07-15,-0.000735256382355054
2015-07-16,0.007982733578169032
2015-07-17,0.001105571852249021
2015-07-20,0.0007709362861350044
2015-07-21,-0.004270796073740257
2015-07-22,-0.002390565212277984
2015-07-23,-0.005692210212306925
2015-07-24,-0.01076102069843099
2015-07-27,-0.005791754695734674
2015-07-28,0.012310073597852522
2015-07-29,0.007292142756948117
2015-07-30,2.836716337739631e-05
2015-07-31,-0.002274103837983432
2015-08-03,-0.002760694026682664
2015-08-04,-0.0022522393088202364
2015-08-05,0.003109838409255161
2015-08-06,-0.007783195779670571
2015-08-07,-0.0028790232242945635
2015-08-10,0.01272683597579416
2015-08-11,-0.009603065023411794
2015-08-12,0.0009496038930461026
2015-08-13,-0.0012760257482797854
2015-08-14,0.0039043320419827054
2015-08-17,0.0051978915460573205
2015-08-18,-0.002628982682793435
2015-08-19,-0.008289136672071429
2015-08-20,-0.021325960481545003
2015-08-21,-0.03236924211323888
2015-08-24,-0.04021144449188441
2015-08-25,-0.013614249963910474
2015-08-26,0.03829129974355361
2015-08-27,0.024007254278508583
2015-08-28,0.0006085511883560102
2015-08-31,-0.008427078458492332
2015-09-01,-0.030022649772647902
2015-09-02,0.018127671026470615
2015-09-03,0.0011641159398738665
2015-09-04,-0.015448308659813392
2015-09-08,0.024773636951275435
2015-09-09,-0.013995035710028247
2015-09-10,0.0052640754451047655
2015-09-11,0.00447700656464356
2015-09-14,-0.004098041462695434
2015-09-15,0.01274968787427877
2015-09-16,0.008667740828139259
2015-09-17,-0.002564344732522983
2015-09-18,-0.01629623101964217
2015-09-21,0.004555392336222042
2015-09-22,-0.012394930290949624
2015-09-23,-0.0020507439880628198
2015-09-24,-0.0033686521134930203
2015-09-25,-0.0004659015868861971
2015-09-28,-0.02600121100674624
2015-09-29,0.001232093759252706
2015-09-30,0.018895898353574303
2015-10-01,0.001971938682702401
2015-10-02,0.014213792986497609
2015-10-05,0.018124593785162624
2015-10-06,-0.0035946894030196574
2015-10-07,0.008003519802530334
2015-10-08,0.008779780315526509
2015-10-09,0.0007248485914308489
2015-10-12,0.0012746643338301666
2015-10-13,-0.006848823923857772
2015-10-14,-0.004727430826714674
2015-10-15,0.014743551295172352
2015-10-16,0.00456006137448739
2015-10-19,0.00027050902843495095
2015-10-20,-0.0014221007367130056
2015-10-21,-0.005842449343177236
2015-10-22,0.016490847328002545
2015-10-23,0.010969953689202505
2015-10-26,-0.0019149326619372076
2015-10-27,-0.0025573858343896916
2015-10-28,0.011770488448379801
2015-10-29,-0.0004498755974546853
2015-10-30,-0.004821481838964914
2015-11-02,0.011803876623389442
2015-11-03,0.002724352813755715
2015-11-04,-0.003551666716782975
2015-11-05,-0.0011327897786017616
2015-11-06,-0.00034768203303681133
2015-11-09,-0.009871290634762886
2015-11-10,0.0015094553561967317
2015-11-11,-0.003233307464179269
2015-11-12,-0.014089163191529863
2015-11-13,-0.011270640608151972
2015-11-16,0.014793302627265525
2015-11-17,-0.001340277018512026
2015-11-18,0.01603323001530743
2015-11-19,-0.0011237403815993474
2015-11-20,0.0038029554525946807
2015-11-23,-0.0012356238490980331
2015-11-24,0.0012212500944794868
2015-11-25,-0.00012914090666527045
2015-11-27,0.0005934414473989236
2015-11-30,-0.004651799990349481
2015-12-01,0.010623939088487688
2015-12-02,-0.011056592615916294
2015-12-03,-0.014477826648336745
2015-12-04,0.02031785626111038
2015-12-07,-0.007014043939197023
2015-12-08,-0.006511052399572392
2015-12-09,-0.007769086475925668
2015-12-10,0.002248856407415012
2015-12-11,-0.019613867585638545
2015-12-14,0.004744287921380597
2015-12-15,0.010562580218900663
2015-12-16,0.014410635565352159
2015-12-17,-0.01515477629034745
2015-12-18,-0.017957495093582132
2015-12-21,0.007748306436591967
2015-12-22,0.00877809594203427
2015-12-23,0.012341596351676642
2015-12-24,-0.0015999154873060917
2015-12-28,-0.002180936342586648
2015-12-29,0.010573663970038005
2015-12-30,-0.007243398785253596
2015-12-31,-0.009456485035766349
2016-01-04,-0.015422041688325727
2016-01-05,0.002010204259629056
2016-01-06,-0.01320216291585563
2016-01-07,-0.023985816544630723
2016-01-08,-0.010897537692782677
2016-01-11,0.0008529084787110008
2016-01-12,0.00777251423844838
2016-01-13,-0.02528237538406497
2016-01-14,0.01655806118493519
2016-01-15,-0.02183577282074456
2016-01-19,0.0005316801874446497
2016-01-20,-0.011762766026242488
2016-01-21,0.00518198853995866
2016-01-22,0.0200807267904759
2016-01-25,-0.015761544984816744
2016-01-26,0.014045237921062714
2016-01-27,-0.01092292245336779
2016-01-28,0.005513350623188806
2016-01-29,0.024458651059442005
2016-02-01,-0.00044333466432000534
2016-02-02,-0.018920968934657445
2016-02-03,0.004979620022348641
2016-02-04,0.0015255683580184254
2016-02-05,-0.01865415809519977
2016-02-08,-0.014255058233665352
2016-02-09,-0.0006638403938294957
2016-02-10,-0.00018896835434745185
2016-02-11,-0.012377447169312106
2016-02-12,0.019330015077743568
2016-02-16,0.01638173787203634
2016-02-17,0.01634611050447088
2016-02-18,-0.004676632002429848
2016-02-19,-2.6033408087933196e-05
2016-02-22,0.014350731253878202
2016-02-23,-0.01253257732680968
2016-02-24,0.004429959879716172
2016-02-25,0.011284366553323544
2016-02-26,-0.0018718651532712016
2016-02-29,-0.008154131422396738
2016-03-01,0.023588385853511085
2016-03-02,0.00408594956528141
2016-03-03,0.003492634199123934
2016-03-04,0.0033004399564697806
2016-03-07,0.0008846230351373663
2016-03-08,-0.011303756054675596
2016-03-09,0.005039672782219284
2016-03-10,0.00015579253401298843
2016-03-11,0.016262545533244577
2016-03-14,-0.0012617682416440346
2016-03-15,-0.0018386309650004762
2016-03-16,0.005584727884834884
2016-03-17,0.006573583010208495
2016-03-18,0.004395967101981313
2016-03-21,0.000985092132832932
2016-03-22,-0.0008777729804751999
2016-03-23,-0.006406509583829489
2016-03-24,-0.00037814200960362143
2016-03-28,0.0005451071719866363
2016-03-29,0.008778012083912934
2016-03-30,0.004340879796241204
2016-03-31,-0.0020418423901347182
2016-04-01,0.006310959037162611
2016-04-04,-0.0032134798118796937
2016-04-05,-0.010196298475803722
2016-04-06,0.010452797852349427
2016-04-07,-0.012048074005080345
2016-04-08,0.002782702894834621
2016-04-11,-0.0027435462066005556
2016-04-12,0.009615754140161137
2016-04-13,0.009990069684590708
2016-04-14,0.00017291222756821156
2016-04-15,-0.000984769658889384
2016-04-18,0.006519725891303452
2016-04-19,0.0030797379324560836
2016-04-20,0.0007612548039173106
2016-04-21,-0.005207562917911801
2016-04-22,4.785874390034195e-05
2016-04-25,-0.0018136895909348638
2016-04-26,0.0018710001220023642
2016-04-27,0.0016479940298479434
2016-04-28,-0.009273635701785743
2016-04-29,-0.005075949343043895
2016-05-02,0.007779606786681548
2016-05-03,-0.008714499651923724
2016-05-04,-0.0059545827060158985
2016-05-05,-0.00023903650994583359
2016-05-06,0.003169610667196565
2016-05-09,0.0007532129051970315
2016-05-10,0.012406365635768246
2016-05-11,-0.009607523049991684
2016-05-12,-0.00016947950262391487
2016-05-13,-0.008514434129144988
2016-05-16,0.009748976508467067
2016-05-17,-0.009455863468709858
2016-05-18,0.00020515771310325448
2016-05-19,-0.003713594610588622
2016-05-20,0.006001459078334825
2016-05-23,-0.0020876364235116185
2016-05-24,0.013588637760189926
2016-05-25,0.0069505294260041595
2016-05-26,-0.00021046585556661057
2016-05-27,0.004277694968513046
2016-05-31,-0.0010057688960936062
2016-06-01,0.001134398676347459
2016-06-02,0.00282069633785742
2016-06-03,-0.002916062258700336
2016-06-06,0.0048853283781902235
2016-06-07,0.0012886157698215328
2016-06-08,0.0033041017947015305
2016-06-09,-0.0017192357309943063
2016-06-10,-0.009217532360037417
2016-06-13,-0.00814829842285647
2016-06-14,-0.0018005054405385579
2016-06-15,-0.0018424088906447977
2016-06-16,0.0031280929982564487
2016-06-17,-0.0032632838884865123
2016-06-20,0.005791382635090159
2016-06-21,0.002708390439649655
2016-06-22,-0.0016529289144324721
2016-06-23,0.013275566984319198
2016-06-24,-0.03658079272372383
2016-06-27,-0.01826224645475083
2016-06-28,0.017614121723580567
2016-06-29,0.016889243109368124
2016-06-30,0.013473862722099383
2016-07-01,0.0019467064123031008
2016-07-05,-0.006871028821573866
2016-07-06,0.005338686752739186
2016-07-07,-0.000871957827344616
2016-07-08,0.015138186568454337
2016-07-11,0.003402819422213099
2016-07-12,0.006984842554548898
2016-07-13,0.00013475864591860898
2016-07-14,0.005245422634733821
2016-07-15,-0.0009293791682907226
2016-07-18,0.0023794621249804138
2016-07-19,-0.001436204832309329
2016-07-20,0.004261208668679295
2016-07-21,-0.0036190700145057875
2016-07-22,0.0045436265952858435
2016-07-25,-0.0030160188196024507
2016-07-26,0.0003227325425569916
2016-07-27,-0.0011992611701758804
2016-07-28,0.001604920692993339
2016-07-29,0.0016299800885990479
2016-08-01,-0.0012705942552555527
2016-08-02,-0.006381941000682012
2016-08-03,0.0031290428248178515
2016-08-04,0.00021254932837333484
2016-08-05,0.008566697203484352
2016-08-08,-0.0009075770122040083
2016-08-09,0.0003897176856888507
2016-08-10,-0.0028687970637975013
2016-08-11,0.004723415181584478
2016-08-12,-0.0007963632796244013
2016-08-15,0.0027890160588732726
2016-08-16,-0.005494142217342457
2016-08-17,0.0018668463000155455
2016-08-18,0.0021972017746723083
2016-08-19,-0.0014413098689578518
2016-08-22,-0.0005634816041792945
2016-08-23,0.001949866827889224
2016-08-24,-0.005254055289229953
2016-08-25,-0.0013661600732488566
2016-08-26,-0.0015800644041812362
2016-08-29,0.005214428543482974
2016-08-30,-0.001955591579278604
2016-08-31,-0.0023786910985705845
2016-09-01,-4.138550457710721e-05
2016-09-02,0.004192241578345524
2016-09-06,0.0029772423706448947
2016-09-07,-0.00014639577393893433
2016-09-08,-0.002225488063644754
2016-09-09,-0.0248277422987071
2016-09-12,0.014570387013562502
2016-09-13,-0.014941748028884483
2016-09-14,-0.0005878493996833711
2016-09-15,0.010058516338082413
2016-09-16,-0.003779427955852732
2016-09-19,-1.8603270347306022e-05
2016-09-20,0.00029909368142000403
2016-09-21,0.01085800013742233
2016-09-22,0.006478752169386759
2016-09-23,-0.005753293312453778
2016-09-26,-0.008624849770071386
2016-09-27,0.006423495171507199
2016-09-28,0.005282576350908563
2016-09-29,-0.009365127556566932
2016-09-30,0.007936392717050822
2016-10-03,-0.0032660234772414753
2016-10-04,-0.004967881815820974
2016-10-05,0.004287486123143225
2016-10-06,0.0004814442865814783
2016-10-07,-0.0032587877673728727
2016-10-10,0.004595330375595452
2016-10-11,-0.01252457786658212
2016-10-12,0.001145932593773047
2016-10-13,-0.0031040764996346226
2016-10-14,0.0002015838587619001
2016-10-17,-0.0030426178920768265
2016-10-18,0.006141505766358968
2016-10-19,0.0021895719655429247
2016-10-20,-0.001376671051156464
2016-10-21,-8.41452423143707e-05
2016-10-24,0.004738594640405935
2016-10-25,-0.0038049574576373146
2016-10-26,-0.0017419277021755164
2016-10-27,-0.0029911961032871304
2016-10-28,-0.0031131401617603416
2016-10-31,-0.00012228399443969806
2016-11-01,-0.006810018806473472
2016-11-02,-0.006546884787680618
2016-11-03,-0.004433212881332693
2016-11-04,-0.0016675200469800089
2016-11-07,0.021980199777031473
2016-11-08,0.003764878367118918
2016-11-09,0.011016119798124002
2016-11-10,0.0019488453914870973
2016-11-11,-0.0013989282109401202
2016-11-14,-0.0001155094571929638
2016-11-15,0.007452955294993124
2016-11-16,-0.0015835169024773776
2016-11-17,0.004665469462083571
2016-11-18,-0.002389651437365359
2016-11-21,0.0074337023919079925
2016-11-22,0.002163090755693098
2016-11-23,0.0008076984759757266
2016-11-25,0.003906745634076891
2016-11-28,-0.00526838927520501
2016-11-29,0.0013344021688128649
2016-11-30,-0.0026569303207866213
2016-12-01,-0.003521723208572247
2016-12-02,0.00039692769872257117
2016-12-05,0.005804427033504034
2016-12-06,0.003405084228635502
2016-12-07,0.013077359109980868
2016-12-08,0.0021570146826421777
2016-12-09,0.005921418582444105
2016-12-12,-0.0011380821315194467
2016-12-13,0.006518483304227551
2016-12-14,-0.0081502957242936
2016-12-15,0.0038757076880626684
2016-12-16,-0.00175215677888918
2016-12-19,0.001973172743149121
2016-12-20,0.0036309126355806853
2016-12-21,-0.002460385669239784
2016-12-22,-0.0018647113534049353
2016-12-23,0.001250932479827327
2016-12-27,0.0022458490147965193
2016-12-28,-0.00839164073685339
2016-12-29,-0.00029334768322542004
2016-12-30,-0.004647834856887911
2017-01-03,0.008450766753627548
2017-01-04,0.005705963825912264
2017-01-05,-0.0007709676024818535
2017-01-06,0.0035107889747143517
2017-01-09,-0.0035549054171992722
2017-01-10,0.0
2017-01-11,0.0028256423826622523
2017-01-12,-0.002147112414714769
2017-01-13,0.0018481317595453461
2017-01-17,-0.002971914455666358
2017-01-18,0.001762200469482167
2017-01-19,-0.0036158379894768444
2017-01-20,0.00336058441962539
2017-01-23,-0.0026937499008079513
2017-01-24,0.006543140447222484
2017-01-25,0.007994052872005497
2017-01-26,-0.0007356546972081546
2017-01-27,-0.0008668398232565266
2017-01-30,-0.006027673469764849
2017-01-31,-0.000890301539602234
2017-02-01,0.0002983191457923695
2017-02-02,0.0005701469140033666
2017-02-03,0.0072384967582515
2017-02-06,-0.0021175973909146606
2017-02-07,0.00022680323213108977
2017-02-08,0.0006930822575954565
2017-02-09,0.005736063600242147
2017-02-10,0.0035597070516706353
2017-02-13,0.005232133435593589
2017-02-14,0.003999327142198084
2017-02-15,0.004979888719208958
2017-02-16,-0.0008644914750703947
2017-02-17,0.0016771491542382222
2017-02-21,0.006029850145856663
2017-02-22,-0.0010827863781681657
2017-02-23,0.00041889929521765623
2017-02-24,0.0014922501063701077
2017-02-27,0.0010174652215324542
2017-02-28,-0.0025817059367092554
2017-03-01,0.013581210931325138
2017-03-02,-0.005877116945711691
2017-03-03,0.0005037502373781422
2017-03-06,-0.0032826225138578025
2017-03-07,-0.0029176258949927814
2017-03-08,-0.0022868283405630407
2017-03-09,0.000799575731853075
2017-03-10,0.0032633399300268096
2017-03-13,0.00036656559936698585
2017-03-14,-0.0033847491786316297
2017-03-15,0.008339879295606423
2017-03-16,-0.0016280348187081017
2017-03-17,-0.0013151793429670988
2017-03-20,-0.0020119159552995924
2017-03-21,-0.012485594515205811
2017-03-22,0.0018881025742993884
2017-03-23,-0.001060832045001625
2017-03-24,-0.0008443524405610248
2017-03-27,-0.0010201073391549187
2017-03-28,0.007225308630544269
2017-03-29,0.0010847364356108002
2017-03-30,0.002930811003848177
2017-03-31,-0.0022575939841713577
2017-04-03,-0.0016434753872944796
2017-04-04,0.0005593659819504992
2017-04-05,-0.003059536838226684
2017-04-06,0.0019276502673646334
2017-04-07,-0.0008274723900605352
2017-04-10,0.0006874501159153112
2017-04-11,-0.0014349083716842514
2017-04-12,-0.0037670371396041347
2017-04-13,-0.006838020516859444
2017-04-17,0.008576465864682525
2017-04-18,-0.002907603119058244
2017-04-19,-0.0017178251699592195
2017-04-20,0.0075288503559400866
2017-04-21,-0.003039688326510692
2017-04-24,0.010781736616292115
2017-04-25,0.006072214179919655
2017-04-26,-0.00048582137105857015
2017-04-27,0.0005527672685206042
2017-04-28,-0.0019149797398094748
2017-05-01,0.0017307918466453742
2017-05-02,0.0011883436904245315
2017-05-03,-0.0012721693695896263
2017-05-04,0.0005819334055248149
2017-05-05,0.004080359185260285
2017-05-08,3.744537610206322e-05
2017-05-09,-0.0010257745827875198
2017-05-10,0.0011299627434357973
2017-05-11,-0.00216515162190678
2017-05-12,-0.0014795353149050783
2017-05-15,0.00476514229719438
2017-05-16,-0.0006871328353224015
2017-05-17,-0.018345468349136418
2017-05-18,0.0036800388786595306
2017-05-19,0.006744702885899123
2017-05-22,0.005146863688619163
2017-05-23,0.0018361850286980896
2017-05-24,0.002486033927919351
2017-05-25,0.004432111717711962
2017-05-26,0.0003105017853490821
2017-05-30,-0.0012053506261038294
2017-05-31,-0.00046007450335849853
2017-06-01,0.007542595680760655
2017-06-02,0.0037008743035276126
2017-06-05,-0.0012184068519802693
2017-06-06,-0.0027829088587658646
2017-06-07,0.0015670290211895477
2017-06-08,0.00026716883659716473
2017-06-09,-0.0008303336477464285
2017-06-12,-0.0009792424988237514
2017-06-13,0.004501358810435896
2017-06-14,-0.000996327054904711
2017-06-15,-0.002242109822419458
2017-06-16,0.00028359898308760734
2017-06-19,0.008312583373645488
2017-06-20,-0.0067191605942236166
2017-06-21,-0.0005828142446651086
2017-06-22,-0.0004558857992265075
2017-06-23,0.0015596986258987755
2017-06-26,0.00031575172190123624
2017-06-27,-0.008105586350832361
2017-06-28,0.00876950140260302
2017-06-29,-0.008637216748724086
2017-06-30,0.0015320576367727767
2017-07-03,0.002308168120769949
2017-07-05,0.0014522239141054882
2017-07-06,-0.009412987281172569
2017-07-07,0.006382712717799777
2017-07-10,0.0009273361033752536
2017-07-11,-0.0007829873365254869
2017-07-12,0.007279051070217868
2017-07-13,0.001872829422406852
2017-07-14,0.004662616411680531
2017-07-17,-5.291425575837394e-05
2017-07-18,0.0005976783551062681
2017-07-19,0.005358258336976007
2017-07-20,-0.0001536711075669217
2017-07-21,-0.000367939284998009
2017-07-24,-0.0010643010144137932
2017-07-25,0.002918907639872792
2017-07-26,0.00028262387998001515
2017-07-27,-0.0009731615364501067
2017-07-28,-0.0013420155895609298
2017-07-31,-0.0007284109040348596
2017-08-01,0.0024461208441755034
2017-08-02,0.0004925271234821338
2017-08-03,-0.002186041734136168
2017-08-04,0.0018873214113144243
2017-08-07,0.00164584465066131
2017-08-08,-0.0024173521357919725
2017-08-09,-0.00036367465375075625
2017-08-10,-0.014580218564576697
2017-08-11,0.0012747569551487814
2017-08-14,0.009993651437610218
2017-08-15,-0.0004989325424125113
2017-08-16,0.001419095523575109
2017-08-17,-0.015557342219810977
2017-08-18,-0.0018370536869420917
2017-08-21,0.0011619755664940001
2017-08-22,0.009891695433402958
2017-08-23,-0.003459570253776967
2017-08-24,-0.002076616599844705
2017-08-25,0.0016714716175689759
2017-08-28,0.00048695330705506024
2017-08-29,0.0008424669281570374
2017-08-30,0.004604531762306685
2017-08-31,0.005704673401131899
2017-09-01,0.001980578250813103
2017-09-05,-0.007579458481687951
2017-09-06,0.003123842327936721
2017-09-07,-0.0001784518800578283
2017-09-08,-0.0014899601369018356
2017-09-11,0.010780974881588357
2017-09-12,0.003358302576675243
2017-09-13,0.0007568343607982086
2017-09-14,-0.0011013238509107737
2017-09-15,0.0018454774338083624
2017-09-18,0.0014548620417285107
2017-09-19,0.001109579554479545
2017-09-20,0.0006341467460027062
2017-09-21,-0.0030505657160055932
2017-09-22,0.0006475839763444569
2017-09-25,-0.002224522862307232
2017-09-26,7.216421350886293e-05
2017-09-27,0.004076822333252572
2017-09-28,0.0012038908157165906
2017-09-29,0.0036982627391974887
2017-10-02,0.0038665189230293606
2017-10-03,0.0021565112094785732
2017-10-04,0.001245943618076062
2017-10-05,0.005630903982831725
2017-10-06,-0.001074211073455622
2017-10-09,-0.0018060640031851705
2017-10-10,0.002319719980081736
2017-10-11,0.0018018826725407777
2017-10-12,-0.0016881768877485825
2017-10-13,0.0008777219129250113
2017-10-16,0.0017492226482946904
2017-10-17,0.0006723525756502369
2017-10-18,0.0007420597676741636
2017-10-19,0.00032794415766979057
2017-10-20,0.005103796075133005
2017-10-23,-0.003980395520017055
2017-10-24,0.0016166011302898298
2017-10-25,-0.00467395589466868
2017-10-26,0.0012701392507725728
2017-10-27,0.008040609974748314
2017-10-30,-0.0031975772860901586
2017-10-31,0.0009440130762738974
2017-11-01,0.0015908438533358549
2017-11-02,0.00018994806646865925
2017-11-03,0.0030922892353357767
2017-11-06,0.0012704439148736313
2017-11-07,-0.00018912071459809
2017-11-08,0.001442613841486029
2017-11-09,-0.0037689814841863623
2017-11-10,-0.0008980468369506056
2017-11-13,0.0009831508870483674
2017-11-14,-0.002312280675302425
2017-11-15,-0.0055409987425267815
2017-11-16,0.008162653019242683
2017-11-17,-0.0026294170087624025
2017-11-20,0.0012748699188760426
2017-11-21,0.006519838602145889
2017-11-22,-0.0007505426372356183
2017-11-24,0.0020539843743954123
2017-11-27,-0.0003843315867850805
2017-11-28,0.009800332124952682
2017-11-29,-0.00036929399584906264
2017-11-30,0.008157586752447266
2017-12-01,-0.0020265827762342425
2017-12-04,-0.0010527108155597986
2017-12-05,-0.00374639050870762
2017-12-06,-0.00011411185558163339
2017-12-07,0.0029280666540678624
2017-12-08,0.005491202213278257
2017-12-11,0.0031968420335841685
2017-12-12,0.001547723651846411
2017-12-13,-0.0004730686827043584
2017-12-14,-0.004079167771477543
2017-12-15,0.008934313473589306
2017-12-18,0.0053484783871171615
2017-12-19,-0.0032354978917474853
2017-12-20,-0.0008282361842857355
2017-12-21,0.0019836868787912465
2017-12-22,-0.000458271463486426
2017-12-26,-0.0010589757408192568
2017-12-27,0.0007906282403480347
2017-12-28,0.0018323190495586061
2017-12-29,-0.005196632427285408
2018-01-02,0.008269078526887519
2018-01-03,0.006378433242978154
2018-01-04,0.004020542619547207
2018-01-05,0.007009145849314002
2018-01-08,0.0016609639153548628
2018-01-09,0.00130208347183558
2018-01-10,-0.001112845959368336
2018-01-11,0.007009026086236325
2018-01-12,0.0067269261681852655
2018-01-16,-0.0035307131324611163
2018-01-17,0.009371006306436058
2018-01-18,-0.001617697748531377
2018-01-19,0.004375648154250733
2018-01-22,0.008034364425847151
2018-01-23,0.0021720049294708943
2018-01-24,-0.0005601326353001923
2018-01-25,0.0006024394208594686
2018-01-26,0.011771638040818821
2018-01-29,-0.006754736323635768
2018-01-30,-0.0109586425739705
2018-01-31,0.0004888658752317809
2018-02-01,-0.0006482986619955611
2018-02-02,-0.02143668028270973
2018-02-05,-0.04184254115962727
2018-02-06,0.017290573658832464
2018-02-07,-0.0050141384210702356
2018-02-08,-0.038259052205015465
2018-02-09,0.014825645265136522
2018-02-12,0.01381866561257361
2018-02-13,0.0026095218277211174
2018-02-14,0.01331344003093271
2018-02-15,0.01199686164436553
2018-02-16,0.00037339982150896844
2018-02-20,-0.005858517129207819
2018-02-21,-0.00551166461587016
2018-02-22,0.0009730775549652293
2018-02-23,0.01590127828456822
2018-02-26,0.011688438681734858
2018-02-27,-0.012788311673316066
2018-02-28,-0.011157806021536487
2018-03-01,-0.013413965762134161
2018-03-02,0.0050587854385168995
2018-03-05,0.010971617461221328
2018-03-06,0.002635383012573378
2018-03-07,-0.00048399169395629826
2018-03-08,0.004453148254242478
2018-03-09,0.017229546503851445
2018-03-12,-0.001274797040600184
2018-03-13,-0.006383910435837414
2018-03-14,-0.005740970142584345
2018-03-15,-0.0007822362741087829
2018-03-16,0.0017019980778956167
2018-03-19,-0.01430604058046292
2018-03-20,0.0014807084661185854
2018-03-21,-0.001845691843588071
2018-03-22,-0.025484887259038302
2018-03-23,-0.02118980706752982
2018-03-26,0.026795040680132054
2018-03-27,-0.017427285781739243
2018-03-28,-0.0029209188276952958
2018-03-29,0.013675777422844426
2018-04-02,-0.022590682199875367
2018-04-03,0.012535961177379207
2018-04-04,0.01150010225857745
2018-04-05,0.006839421596334994
2018-04-06,-0.02216406698415252
2018-04-09,0.0033309948117512533
2018-04-10,0.01658859896759779
2018-04-11,-0.0055406858556450445
2018-04-12,0.008216898763433456
2018-04-13,-0.002890799674023725
2018-04-16,0.008076336777703474
2018-04-17,0.010605071728902793
2018-04-18,0.0008310204074239991
2018-04-19,-0.0057425818819627494
2018-04-20,-0.008573177099976625
2018-04-23,5.622992978082664e-05
2018-04-24,-0.01347088782886896
2018-04-25,0.0018353739483858433
2018-04-26,0.010380144165286431
2018-04-27,0.0011130053827264064
2018-04-30,-0.008221192443048864
2018-05-01,0.002545802170861755
2018-05-02,-0.007231951218717114
2018-05-03,-0.0022562178107401465
2018-05-04,0.012729810253516938
2018-05-07,0.0034519805782133872
2018-05-08,-0.00026567663510679296
2018-05-09,0.009635647864919328
2018-05-10,0.009327011495041226
2018-05-11,0.001706139511771454
2018-05-14,0.0008830994699682293
2018-05-15,-0.006865655176056862
2018-05-16,0.004052339933860338
2018-05-17,-0.0008562387426369611
2018-05-18,-0.00263566521405334
2018-05-21,0.007359604524262764
2018-05-22,-0.0031406888277452083
2018-05-23,0.003243145333145847
2018-05-24,-0.0020252628489343394
2018-05-25,-0.0023600031860420145
2018-05-29,-0.011631572622697206
2018-05-30,0.01261587559480315
2018-05-31,-0.006903333156201619
2018-06-01,0.01079079946740169
2018-06-04,0.004469594898657725
2018-06-05,0.0007023464003621527
2018-06-06,0.008530900698777266
2018-06-07,-0.0007144438136572617
2018-06-08,0.0031210288686045473
2018-06-11,0.00106813711376752
2018-06-12,0.001741867402050623
2018-06-13,-0.004034254597206299
2018-06-14,0.0024685003707194397
2018-06-15,-0.0010176202706100312
2018-06-18,-0.0021283911415386214
2018-06-19,-0.004031517911800009
2018-06-20,0.0017106900546570714
2018-06-21,-0.006365728628121126
2018-06-22,0.0018602032379595457
2018-06-25,-0.013819723168096765
2018-06-26,0.002202150787151247
2018-06-27,-0.008641586392876377
2018-06-28,0.006159680099137255
2018-06-29,0.0007581156689822066
2018-07-02,0.0030632609261900257
2018-07-03,-0.004959629194036808
2018-07-05,0.008583856481959806
2018-07-06,0.008445517624522836
2018-07-09,0.008784290960455188
2018-07-10,0.00346724931307385
2018-07-11,-0.007119486242086914
2018-07-12,0.00871099138885878
2018-07-13,0.001078655703965481
2018-07-16,-0.0010286646375003983
2018-07-17,0.003965824276198404
2018-07-18,0.002158181948970217
2018-07-19,-0.0039608268660282775
2018-07-20,-0.0009488977323171
2018-07-23,0.0018363622208505959
2018-07-24,0.004769518931168726
2018-07-25,0.00906043506598131
2018-07-26,-0.0030369027657712877
2018-07-27,-0.006583834629162233
2018-07-30,-0.005770789065441484
2018-07-31,0.004872837074456626
2018-08-01,-0.0010408931953334033
2018-08-02,0.004914349837169318
2018-08-03,0.004633432081365463
2018-08-06,0.003531982409181289
2018-08-07,0.0028202018069540813
2018-08-08,-0.0002624143933109835
2018-08-09,-0.0014427146607003394
2018-08-10,-0.007139312324221159
2018-08-13,-0.004014037433847761
2018-08-14,0.006368929911073629
2018-08-15,-0.00763120866991418
2018-08-16,0.007888214476155397
2018-08-17,0.0033176065840603286
2018-08-20,0.0024250748965002344
2018-08-21,0.0020663999162993107
2018-08-22,-0.00039823120164950154
2018-08-23,-0.0016926939620311998
2018-08-24,0.006179705951037562
2018-08-27,0.00764114146751993
2018-08-28,0.0002692423202841354
2018-08-29,0.005685242285687231
2018-08-30,-0.004440171958379757
2018-08-31,0.00013446856422838493
2018-09-04,-0.0016556921079464715
2018-09-05,-0.0028070627847505136
2018-09-06,-0.003658991095901065
2018-09-07,-0.002215797829588695
2018-09-10,0.0018960281547180102
2018-09-11,0.003732865770630589
2018-09-12,0.0003566082470776166
2018-09-13,0.005268352239866658
2018-09-14,0.00027544361566178566
2018-09-17,-0.00558529077069192
2018-09-18,0.005354652948007299
2018-09-19,0.0012524878341881873
2018-09-20,0.007810014244434171
2018-09-21,-0.00036860089433954357
2018-09-24,-0.0035218824209071187
2018-09-25,-0.001305948289553882
2018-09-26,-0.0032946997183378457
2018-09-27,0.002759476126350968
2018-09-28,-6.870305000461485e-06
2018-10-01,0.003634492540459
2018-10-02,-0.00039676882474815045
2018-10-03,0.0007112666939033119
2018-10-04,-0.008203035646517698
2018-10-05,-0.005543314563770885
2018-10-08,-0.00039519445921598617
2018-10-09,-0.0014189099207726485
2018-10-10,-0.033416388951566844
2018-10-11,-0.02078758017027127
2018-10-12,0.014106235544857348
2018-10-15,-0.005922482381779837
2018-10-16,0.02126782810210681
2018-10-17,-0.0002526942849021552
2018-10-18,-0.014496490704811293
2018-10-19,-0.00036123513531816087
2018-10-22,-0.00430879692118058
2018-10-23,-0.005527076396959707
2018-10-24,-0.03135077358349214
2018-10-25,0.018453717716466755
2018-10-26,-0.017479138029975694
2018-10-29,-0.006581208142393713
2018-10-30,0.015545323041771475
2018-10-31,0.010792878598247846
2018-11-01,0.010502498886538092
2018-11-02,-0.006336720838270082
2018-11-05,0.005584693696363274
2018-11-06,0.006239787533674601
2018-11-07,0.02098707877307593
2018-11-08,-0.0025120691829512154
2018-11-09,-0.009241585786561757
2018-11-12,-0.019898150960847794
2018-11-13,-0.0014830187990533261
2018-11-14,-0.007596188996736863
2018-11-15,0.010538032725957436
2018-11-16,0.0022208377717474193
2018-11-19,-0.016783161581240158
2018-11-20,-0.01831799522269062
2018-11-21,0.003038669286697271
2018-11-23,-0.006576419693154811
2018-11-26,0.015412975626759362
2018-11-27,0.0032563844755069127
2018-11-28,0.022714051233730714
2018-11-29,-0.0021854944598365122
2018-11-30,0.008137547699126557
2018-12-03,0.010882001681880027
2018-12-04,-0.03290022862090147
2018-12-06,-0.0015233881283567285
2018-12-07,-0.02359633544004147
2018-12-10,0.001760603382938264
2018-12-11,-0.00035640990044516485
2018-12-12,0.00540487098738307
2018-12-13,-0.0001999502004368381
2018-12-14,-0.01927121231122708
2018-12-17,-0.02099228492203764
2018-12-18,8.639697040013772e-05
2018-12-19,-0.015515459108049079
2018-12-20,-0.015897809458373935
2018-12-21,-0.020803120626788463
2018-12-24,-0.027486572654519037
2018-12-26,0.048403177454947155
2018-12-27,0.008526228988242401
2018-12-28,-0.0012423539542947282
2018-12-31,0.008456626093618524
2019-01-02,0.00126769280722705
2019-01-03,-0.02506833152829735
2019-01-04,0.03375939872755396
2019-01-07,0.006985975996346205
2019-01-08,0.009648587453345847
2019-01-09,0.004089671399485795
2019-01-10,0.004508241512753308
2019-01-11,-0.00014630861667797035
2019-01-14,-0.00527139484087602
2019-01-15,0.010664619108958107
2019-01-16,0.0022195205946413665
2019-01-17,0.007562730598548839
2019-01-18,0.013096912839547059
2019-01-22,-0.014258476981933832
2019-01-23,0.00220048998487421
2019-01-24,0.0013747801288062078
2019-01-25,0.008452867835778477
2019-01-28,-0.007877775806643506
2019-01-29,-0.0014573080651336667
2019-01-30,0.015429609955667445
2019-01-31,0.008560648872782295
2019-02-01,0.000898206347996755
2019-02-04,0.006753381158357996
2019-02-05,0.004697370443379256
2019-02-06,-0.0022269158091692276
2019-02-07,-0.009401192984273443
2019-02-08,0.0006759725717397913
2019-02-11,0.0007088517980031739
2019-02-12,0.012807852668629494
2019-02-13,0.00301943165665719
2019-02-14,-0.0026551634465823426
2019-02-15,0.010820004959524177
2019-02-19,0.0014976212870596584
2019-02-20,0.0017755334147047108
2019-02-21,-0.003532669196549598
2019-02-22,0.006390638671899929
2019-02-25,0.0012311042541126582
2019-02-26,-0.0007907696449969137
2019-02-27,-0.0005441972461150968
2019-02-28,-0.0028295077502695776
2019-03-01,0.006871656527986936
2019-03-04,-0.0038881071048946225
2019-03-05,-0.001132173758392696
2019-03-06,-0.00654547354291779
2019-03-07,-0.008158910945582853
2019-03-08,-0.002133964393197907
2019-03-11,0.014559535756253794
2019-03-12,0.0029489658339718616
2019-03-13,0.006925546633569368
2019-03-14,-0.0008683995429707991
2019-03-15,0.004972519409259135
2019-03-18,0.00369909682158287
2019-03-19,-0.00013057006339689536
2019-03-20,-0.002948696779871973
2019-03-21,0.010794015726340866
2019-03-22,-0.01915682717763456
2019-03-25,-0.0008393730063831484
2019-03-26,0.007157053120867118
2019-03-27,-0.00465514336561057
2019-03-28,0.003583054637804395
2019-03-29,0.006711706066340639
2019-04-01,0.011502195497632428
2019-04-02,1.7455614805150788e-05
2019-04-03,0.0021460723821995487
2019-04-04,0.0020824655091420397
2019-04-05,0.004625717395561502
2019-04-08,0.0010469119934199966
2019-04-09,-0.006085976657260517
2019-04-10,0.0034718378358560287
2019-04-11,3.81221942795662e-05
2019-04-12,0.006587578476350053
2019-04-15,-0.0006295672497582672
2019-04-16,0.0005092285079060233
2019-04-17,-0.002276401019742913
2019-04-18,0.0015778467813145625
2019-04-22,0.0010115060212161353
2019-04-23,0.0088023511954054
2019-04-24,-0.0021941687255360165
2019-04-25,-0.0003690416975548061
2019-04-26,0.004674350344364697
2019-04-29,0.0010709483395823227
2019-04-30,0.0009509647572327751
2019-05-01,-0.007530445968185084
2019-05-02,-0.002126244327689264
2019-05-03,0.009592127461470312
2019-05-06,-0.004481013231055542
2019-05-07,-0.016649488130547674
2019-05-08,-0.0016067154056038646
2019-05-09,-0.003025998601924762
2019-05-10,0.0037133938472040384
2019-05-13,-0.024426469085878644
2019-05-14,0.00798398755130858
2019-05-15,0.005821994388234053
2019-05-16,0.008855956969633816
2019-05-17,-0.005854437152920333
2019-05-20,-0.006772258036625622
2019-05-21,0.008459949110946496
2019-05-22,-0.0028283920525034034
2019-05-23,-0.011985692488440058
2019-05-24,0.0013526439988345018
2019-05-28,-0.00841094999347014
2019-05-29,-0.00693591014934114
2019-05-30,0.002096272355293749
2019-05-31,-0.013283204951564542
2019-06-03,-0.0027690708645513595
2019-06-04,0.021205927310919748
2019-06-05,0.008128726689966115
2019-06-06,0.00611684071521168
2019-06-07,0.01044297936774985
2019-06-10,0.004649219874319321
2019-06-11,-0.0003499411926926044
2019-06-12,-0.002039657892135338
2019-06-13,0.004089010610765165
2019-06-14,-0.0016128120944145508
2019-06-17,0.0009313156379775478
2019-06-18,0.009670489549712613
2019-06-19,0.002980716814381168
2019-06-20,0.00942760543616572
2019-06-21,-0.001260016380194351
2019-06-24,-0.0017333883650607618
2019-06-25,-0.009541775692826882
2019-06-26,-0.0012346958449604983
2019-06-27,0.003815885937212826
2019-06-28,0.005740941877535377
2019-07-01,0.007643018489114084
2019-07-02,0.0029238473979908974
2019-07-03,0.007643095461890681
2019-07-05,-0.0018075341211645224
2019-07-08,-0.004847173031302887
2019-07-09,0.0012357931791351362
2019-07-10,0.004500546753086532
2019-07-11,0.002282619662558716
2019-07-12,0.004609534494061762
2019-07-15,0.00017585362986771713
2019-07-16,-0.003409584632835916
2019-07-17,-0.006552665403402713
2019-07-18,0.0035755975260798323
2019-07-19,-0.006195889465719695
2019-07-22,0.002824701728525447
2019-07-23,0.00682414533750908
2019-07-24,0.004677192849237954
2019-07-25,-0.00527629657652362
2019-07-26,0.007360535589743478
2019-07-29,-0.001617421691362253
2019-07-30,-0.002581985351048033
2019-07-31,-0.010945207008496993
2019-08-01,-0.009039527494171473
2019-08-02,-0.007309388618491397
2019-08-05,-0.030230182310702958
2019-08-06,0.012933024156216
2019-08-07,0.0007665820086630859
2019-08-08,0.01858846266662706
2019-08-09,-0.006638593288660566
2019-08-12,-0.012393809057761551
2019-08-13,0.01501834620411735
2019-08-14,-0.029730352210714628
2019-08-15,0.002461236697882896
2019-08-16,0.014323058175937042
2019-08-19,0.012033175322414102
2019-08-20,-0.007946215113735278
2019-08-21,0.008212979599435677
2019-08-22,-0.0005062031409677203
2019-08-23,-0.026288881212212623
2019-08-26,0.01092311294411541
2019-08-27,-0.0032083219038181454
2019-08-28,0.006524151428012104
2019-08-29,0.012607482539024772
2019-08-30,0.0006425808239747255
2019-09-03,-0.006923009192753682
2019-09-04,0.010783725016078272
2019-09-05,0.012925913022813873
2019-09-06,0.0009101908253592583
2019-09-09,-9.401457922297851e-05
2019-09-10,0.0003222524468693422
2019-09-11,0.0072036723045441065
2019-09-12,0.0028750160390682566
2019-09-13,-0.0007246766172759322
2019-09-16,-0.003140513035788217
2019-09-17,0.002578425294432307
2019-09-18,0.0003426331855500564
2019-09-19,1.997465704306478e-05
2019-09-20,-0.004907599204203805
2019-09-23,-9.694059694886903e-05
2019-09-24,-0.008451988748447548
2019-09-25,0.006139685063274669
2019-09-26,-0.0024318710097670504
2019-09-27,-0.005330534537260512
2019-09-30,0.0050349101576143696
2019-10-01,-0.01233412686667723
2019-10-02,-0.018065404333741597
2019-10-03,0.007940304984384028
2019-10-04,0.014116785254235431
2019-10-07,-0.0044883523743441955
2019-10-08,-0.015683159390420975
2019-10-09,0.009063296256677233
2019-10-10,0.0063952025933451395
2019-10-11,0.01087957976778764
2019-10-14,-0.0013880819469243022
2019-10-15,0.009906445612344328
2019-10-16,-0.002001544809042244
2019-10-17,0.0027590220483286743
2019-10-18,-0.003927045710025112
2019-10-21,0.006848114261627458
2019-10-22,-0.0035750494353443685
2019-10-23,0.002843103580076445
2019-10-24,0.0019186044823928938
2019-10-25,0.004064429588282792
2019-10-28,0.0055658199003794095
2019-10-29,-0.0008327518586899174
2019-10-30,0.0032480894157931317
2019-10-31,-0.0030274386546498278
2019-11-01,0.009615930390243221
2019-11-04,0.003697245993253162
2019-11-05,-0.0011864029250823194
2019-11-06,0.0007022505567846338
2019-11-07,0.002726375457253738
2019-11-08,0.0025574029882182714
2019-11-11,-0.001964395297001431
2019-11-12,0.0015634232607162346
2019-11-13,0.0007112815145404738
2019-11-14,0.0008366926952056986
