county,floor,log_radon
0,1,0.8329091229351041
0,0,0.8329091229351041
0,0,1.0986122886681098
0,0,0.09531017980432493
1,0,1.1631508098056809
1,0,0.9555114450274363
1,0,0.47000362924573563
1,0,0.09531017980432493
1,0,-0.22314355131420985
1,0,0.26236426446749106
1,0,0.26236426446749106
1,0,0.336472236621213
1,0,0.4054651081081644
1,0,-0.6931471805599453
1,0,0.1823215567939548
1,0,1.5260563034950492
1,0,0.336472236621213
1,0,0.7884573603642703
1,0,1.791759469228055
1,0,1.2237754316221157
1,0,0.6418538861723948
1,0,1.7047480922384253
1,0,1.856297990365626
1,0,0.6931471805599453
1,0,1.9021075263969203
1,0,1.1631508098056809
1,0,1.9315214116032136
1,0,1.9600947840472698
1,0,2.0541237336955462
1,0,1.667706820558076
1,0,1.5260563034950492
1,0,1.5040773967762742
1,0,1.0647107369924282
1,0,2.1041341542702074
1,0,0.5306282510621705
1,0,1.4586150226995167
1,0,1.7047480922384253
1,0,1.410986973710262
1,0,0.8754687373538999
1,0,1.0986122886681098
1,0,0.4054651081081644
1,0,1.2237754316221157
1,0,1.0986122886681098
1,1,0.6418538861723948
1,1,-1.203972804325936
1,0,0.9162907318741551
1,1,0.1823215567939548
1,0,0.8329091229351041
1,0,-0.35667494393873245
1,0,0.5877866649021191
1,0,1.0986122886681098
1,0,0.8329091229351041
1,0,0.5877866649021191
1,0,0.4054651081081644
1,0,0.6931471805599453
1,0,0.6418538861723948
2,1,0.26236426446749106
2,0,1.4816045409242153
2,1,1.5260563034950492
3,0,1.856297990365626
3,0,1.5475625087160128
3,0,1.7578579175523736
3,1,0.8329091229351041
3,1,-0.6931471805599453
3,1,1.5475625087160128
3,1,1.5040773967762742
4,0,1.9021075263969203
4,0,1.0296194171811583
4,1,1.0986122886681098
4,0,1.0986122886681098
5,0,1.9878743481543455
5,0,1.62924053973028
5,0,0.9932517730102834
6,0,1.62924053973028
6,0,2.5726122302071057
6,0,1.9878743481543455
6,0,1.9315214116032136
6,0,2.5572273113676265
6,1,1.7749523509116736
6,0,2.2617630984737906
6,0,1.8082887711792655
6,0,1.3609765531356006
6,1,2.667228206581955
6,0,0.6418538861723948
6,0,1.9459101490553132
6,0,1.5686159179138452
6,0,2.2617630984737906
7,1,0.9555114450274363
7,0,1.916922612182061
7,1,1.410986973710262
7,0,2.322387720290225
8,0,0.8329091229351041
8,0,0.6418538861723948
8,0,1.252762968495368
8,1,1.7404661748405044
8,0,1.4816045409242153
8,0,1.3862943611198906
8,0,0.336472236621213
8,0,1.4586150226995167
8,0,-0.10536051565782628
8,0,0.7419373447293773
9,0,0.5306282510621705
9,0,2.5649493574615367
9,1,2.6946271807700692
9,1,1.5686159179138452
9,0,2.272125885509337
9,1,-2.3025850929940455
10,0,1.3350010667323402
10,0,2.0149030205422647
10,0,0.6931471805599453
10,0,1.6863989535702286
10,0,1.410986973710262
11,0,2.0541237336955462
11,0,0.4054651081081644
11,0,2.312535423847214
11,0,2.2512917986064953
12,0,-0.10536051565782628
12,0,1.5040773967762742
12,0,1.62924053973028
12,0,0.7884573603642703
12,0,0.5877866649021191
12,0,2.1041341542702074
13,1,0.0
13,0,2.5649493574615367
13,0,0.9932517730102834
13,1,1.2809338454620642
13,0,3.2846635654062037
13,0,0.47000362924573563
13,0,2.5726122302071057
13,0,2.186051276738094
13,0,2.975529566236472
13,1,0.9555114450274363
13,0,2.2082744135228043
13,0,2.580216829592325
13,0,1.308332819650179
13,1,1.9459101490553132
14,1,1.5892352051165808
14,0,1.252762968495368
14,1,0.0
14,0,1.252762968495368
15,0,1.0296194171811583
15,0,0.4054651081081644
16,0,1.9315214116032136
16,1,2.4159137783010487
16,1,-2.3025850929940455
16,1,0.9555114450274363
17,0,0.6418538861723948
17,0,0.5306282510621705
17,1,0.09531017980432493
17,0,0.0
17,0,1.0986122886681098
17,0,1.5040773967762742
17,0,0.47000362924573563
17,0,1.4350845252893225
17,1,0.9555114450274363
17,1,1.916922612182061
17,0,1.4816045409242153
17,0,1.7227665977411035
18,0,1.308332819650179
18,0,1.0647107369924282
18,0,2.6878474937846906
18,0,1.916922612182061
18,0,2.0918640616783932
18,0,0.9932517730102834
18,1,1.0647107369924282
18,0,1.5040773967762742
18,1,0.5877866649021191
18,0,0.7419373447293773
18,0,0.7419373447293773
18,0,0.47000362924573563
18,0,2.272125885509337
18,0,2.1041341542702074
18,0,1.2809338454620642
18,1,-0.10536051565782628
18,0,1.6486586255873816
18,0,1.1939224684724346
18,0,2.388762789235098
18,0,2.116255514802552
18,0,1.856297990365626
18,0,1.5892352051165808
18,0,1.8082887711792655
18,0,0.1823215567939548
18,0,2.1747517214841605
18,0,2.186051276738094
18,0,1.9315214116032136
18,0,0.8754687373538999
18,0,0.5306282510621705
18,0,1.0647107369924282
18,0,1.8870696490323797
18,0,0.5877866649021191
18,0,1.5475625087160128
18,0,1.2237754316221157
18,0,1.5040773967762742
18,0,3.0587070727153796
18,0,2.2192034840549946
18,0,0.0
18,0,1.6094379124341003
18,0,1.62924053973028
18,0,0.1823215567939548
18,0,2.0412203288596382
18,0,1.7047480922384253
18,0,1.308332819650179
18,0,1.6094379124341003
18,0,1.5686159179138452
18,0,0.4054651081081644
18,0,1.252762968495368
18,0,1.4586150226995167
18,0,0.9555114450274363
18,0,0.4054651081081644
18,0,0.4054651081081644
18,0,0.6931471805599453
18,0,1.5892352051165808
18,1,0.4054651081081644
18,0,1.3609765531356006
18,0,2.186051276738094
18,0,1.4816045409242153
18,0,1.5040773967762742
18,0,1.5260563034950492
18,0,0.8329091229351041
18,0,-0.5108256237659907
18,0,1.7749523509116736
19,0,1.7047480922384253
19,0,1.9878743481543455
19,0,1.7578579175523736
20,0,2.0149030205422647
20,0,1.5892352051165808
20,0,1.9315214116032136
20,0,1.8718021769015913
20,1,1.3350010667323402
20,0,1.7227665977411035
20,0,2.0668627594729756
20,0,1.5040773967762742
20,0,1.0296194171811583
21,0,1.252762968495368
21,0,1.4586150226995167
21,0,0.8754687373538999
21,1,0.336472236621213
21,0,1.667706820558076
21,0,-1.6094379124341003
22,1,0.9555114450274363
22,0,1.1939224684724346
23,0,1.1939224684724346
23,0,2.272125885509337
23,0,1.4586150226995167
23,0,2.2082744135228043
23,0,1.856297990365626
23,0,3.487375077903208
23,0,2.587764035227708
23,1,0.8329091229351041
23,1,1.7404661748405044
24,0,2.667228206581955
24,1,1.9459101490553132
24,0,2.0412203288596382
24,1,2.2925347571405443
24,0,0.9932517730102834
24,0,3.775057150354989
24,0,1.6094379124341003
24,0,1.6094379124341003
24,0,1.2809338454620642
24,0,1.5892352051165808
24,0,1.7404661748405044
24,0,1.2809338454620642
24,0,1.3862943611198906
24,0,1.916922612182061
25,0,2.0794415416798357
25,0,1.2237754316221157
25,1,0.7884573603642703
25,0,0.5306282510621705
25,0,1.410986973710262
25,0,0.6418538861723948
25,0,0.9555114450274363
25,0,2.424802725718295
25,0,0.9932517730102834
25,0,1.3862943611198906
25,0,2.0149030205422647
25,0,0.336472236621213
25,0,0.0
25,0,-0.6931471805599453
25,1,0.9555114450274363
25,0,1.8082887711792655
25,0,0.7419373447293773
25,0,1.7047480922384253
25,0,1.1314021114911006
25,0,1.0986122886681098
25,0,1.7227665977411035
25,0,1.4350845252893225
25,0,1.3862943611198906
25,0,2.70805020110221
25,0,1.9878743481543455
25,0,0.8754687373538999
25,1,1.0647107369924282
25,0,1.5040773967762742
25,0,0.47000362924573563
25,0,2.163323025660538
25,0,1.7404661748405044
25,0,2.163323025660538
25,0,1.3609765531356006
25,0,0.6418538861723948
25,0,0.6931471805599453
25,0,1.7227665977411035
25,0,0.9555114450274363
25,1,-0.10536051565782628
25,0,0.7884573603642703
25,0,1.0647107369924282
25,0,1.3862943611198906
25,0,1.4816045409242153
25,0,1.5686159179138452
25,0,1.0647107369924282
25,0,1.4350845252893225
25,0,0.5306282510621705
25,0,1.4816045409242153
25,1,-0.22314355131420985
25,0,1.7227665977411035
25,1,1.2237754316221157
25,0,1.7227665977411035
25,0,0.9555114450274363
25,0,1.0296194171811583
25,0,2.1400661634962708
25,0,1.2237754316221157
25,0,1.1939224684724346
25,0,2.163323025660538
25,0,0.5877866649021191
25,0,1.7578579175523736
25,0,2.5726122302071057
25,0,1.0296194171811583
25,0,1.5686159179138452
25,0,1.7404661748405044
25,0,2.631888840136646
25,1,2.0412203288596382
25,0,1.7578579175523736
25,0,1.5475625087160128
25,0,2.0412203288596382
25,0,0.9932517730102834
25,0,1.5260563034950492
25,0,1.791759469228055
25,0,0.8329091229351041
25,0,0.9162907318741551
25,0,1.410986973710262
25,0,1.5475625087160128
25,0,1.5475625087160128
25,0,2.3978952727983707
25,0,2.0412203288596382
25,0,1.1314021114911006
25,0,0.47000362924573563
25,1,0.5306282510621705
25,0,2.8094026953624978
25,0,1.1631508098056809
25,0,1.6486586255873816
25,0,1.6094379124341003
25,0,1.8082887711792655
25,1,0.0
25,0,0.6418538861723948
25,0,1.3862943611198906
25,0,1.7404661748405044
25,1,-0.6931471805599453
25,0,0.9932517730102834
25,0,1.308332819650179
25,0,1.840549633397487
25,0,3.1654750481410856
25,0,1.3862943611198906
25,0,1.0986122886681098
25,0,1.1314021114911006
25,0,1.5686159179138452
25,0,1.1314021114911006
25,0,1.4586150226995167
25,0,1.3609765531356006
25,0,1.1314021114911006
25,0,1.4816045409242153
25,1,1.0986122886681098
26,0,1.252762968495368
26,0,2.151762203259462
26,0,2.2082744135228043
26,1,1.5892352051165808
26,0,1.308332819650179
26,1,0.8329091229351041
27,1,1.0647107369924282
27,1,-0.10536051565782628
27,0,0.47000362924573563
27,0,1.5475625087160128
27,1,1.3350010667323402
28,0,1.308332819650179
28,0,1.1314021114911006
28,0,0.8329091229351041
29,0,0.6931471805599453
29,0,0.9932517730102834
29,0,0.6418538861723948
29,0,0.9162907318741551
29,0,1.4816045409242153
29,0,0.9932517730102834
29,0,0.1823215567939548
29,0,1.2237754316221157
29,0,0.9555114450274363
29,0,2.2512917986064953
29,0,0.336472236621213
30,0,2.1400661634962708
30,0,1.62924053973028
30,0,1.0986122886681098
30,0,2.580216829592325
30,0,2.7343675094195836
31,0,0.6418538861723948
31,0,1.3609765531356006
31,0,2.0794415416798357
31,0,0.9932517730102834
32,0,2.4336133554004498
32,0,1.4350845252893225
32,0,2.517696472610991
32,0,1.916922612182061
33,0,1.9459101490553132
33,1,1.5260563034950492
33,1,0.0
34,0,0.5877866649021191
34,0,0.4054651081081644
34,1,0.7419373447293773
34,1,0.09531017980432493
34,0,0.09531017980432493
34,1,1.0647107369924282
34,1,0.336472236621213
35,1,2.4336133554004498
35,0,2.7788192719904172
36,1,0.336472236621213
36,0,0.336472236621213
36,0,0.5306282510621705
36,0,0.0
36,0,1.0647107369924282
36,0,-0.5108256237659907
36,0,0.47000362924573563
36,0,1.9740810260220096
36,0,-0.5108256237659907
37,0,2.322387720290225
37,1,1.4816045409242153
37,0,1.2237754316221157
37,1,1.0986122886681098
38,0,2.533696813957432
38,1,1.4586150226995167
38,0,1.5260563034950492
38,0,1.3862943611198906
38,0,1.2237754316221157
39,0,2.8678989020441064
39,0,2.3702437414678603
39,0,2.0794415416798357
39,1,1.2809338454620642
40,0,1.8870696490323797
40,1,1.9459101490553132
40,0,1.6486586255873816
40,0,2.4932054526026954
40,0,1.6486586255873816
40,0,2.1972245773362196
40,0,1.7749523509116736
40,0,1.5475625087160128
41,0,1.3862943611198906
42,1,0.47000362924573563
42,0,3.173878458937465
42,1,0.0
42,1,0.4054651081081644
42,1,0.1823215567939548
42,0,1.0647107369924282
42,0,3.8774315606585272
42,1,0.0
42,0,2.128231705849268
43,0,1.4350845252893225
43,1,-0.5108256237659907
43,0,1.916922612182061
43,0,2.028148247292285
43,0,2.23001440015921
43,0,-0.5108256237659907
43,0,0.47000362924573563
44,0,2.341805806147327
44,0,1.3862943611198906
44,0,0.6418538861723948
44,0,2.302585092994046
44,0,0.8754687373538999
44,0,1.5040773967762742
44,0,1.0647107369924282
44,1,0.1823215567939548
44,0,0.26236426446749106
44,1,0.5306282510621705
44,1,3.2386784521643803
44,1,-2.3025850929940455
44,0,2.3702437414678603
45,0,0.8754687373538999
45,0,1.3862943611198906
45,0,1.9878743481543455
45,0,0.7884573603642703
45,0,1.1939224684724346
46,1,-0.5108256237659907
46,0,1.7578579175523736
47,0,0.4054651081081644
47,0,0.7884573603642703
47,0,1.5040773967762742
47,0,0.9162907318741551
47,0,1.6094379124341003
47,1,1.1314021114911006
47,0,1.1314021114911006
47,0,1.0647107369924282
47,0,1.3862943611198906
48,0,2.3978952727983707
48,0,1.8718021769015913
48,0,0.7419373447293773
48,0,1.1314021114911006
48,0,1.5260563034950492
48,0,0.7884573603642703
48,0,2.0918640616783932
48,1,0.336472236621213
48,0,2.23001440015921
48,1,0.1823215567939548
48,0,2.3702437414678603
48,0,3.1822118404966093
48,0,2.2192034840549946
49,0,2.501435951739211
50,0,2.1041341542702074
50,0,2.388762789235098
50,0,1.4586150226995167
50,0,2.760009940032921
51,0,1.7047480922384253
51,0,1.840549633397487
51,0,2.282382385676526
52,0,2.1041341542702074
52,0,0.5306282510621705
52,1,0.5306282510621705
53,0,1.8718021769015913
53,0,1.5040773967762742
53,0,2.424802725718295
53,0,2.312535423847214
53,0,1.5260563034950492
53,0,2.0918640616783932
53,0,0.8754687373538999
53,0,1.1939224684724346
53,0,1.62924053973028
53,0,1.4350845252893225
53,0,0.1823215567939548
53,0,0.7419373447293773
53,1,0.1823215567939548
53,0,1.0986122886681098
53,0,0.7884573603642703
53,0,2.0668627594729756
53,0,1.3609765531356006
53,0,0.9555114450274363
53,0,1.0986122886681098
53,1,0.5877866649021191
53,0,0.9555114450274363
53,0,2.2512917986064953
53,1,-0.35667494393873245
54,0,1.0296194171811583
54,1,0.1823215567939548
54,1,0.7884573603642703
54,0,2.4932054526026954
54,1,2.5416019934645457
54,0,1.1939224684724346
54,0,1.4586150226995167
54,0,1.3609765531356006
55,1,1.3350010667323402
55,0,1.7749523509116736
55,1,-0.916290731874155
56,0,1.4350845252893225
56,0,1.0647107369924282
56,0,0.6931471805599453
56,1,0.26236426446749106
56,0,0.26236426446749106
56,0,0.47000362924573563
57,0,2.2512917986064953
57,0,0.5877866649021191
57,0,2.501435951739211
57,1,1.4816045409242153
58,0,1.9459101490553132
58,1,0.4054651081081644
58,1,0.9555114450274363
58,0,2.272125885509337
59,0,1.3609765531356006
59,0,1.252762968495368
60,0,1.9315214116032136
60,0,1.308332819650179
60,0,0.8329091229351041
60,0,0.9932517730102834
60,0,0.7884573603642703
60,0,1.9600947840472698
60,0,0.26236426446749106
60,0,1.3609765531356006
60,0,1.2809338454620642
60,0,1.4586150226995167
60,1,0.5306282510621705
60,1,1.0647107369924282
60,0,2.163323025660538
60,0,1.840549633397487
60,0,1.667706820558076
60,0,1.0296194171811583
60,0,0.26236426446749106
60,0,1.2809338454620642
60,0,1.7227665977411035
60,1,2.322387720290225
60,0,1.7227665977411035
60,0,0.26236426446749106
60,0,1.6094379124341003
60,0,1.410986973710262
60,0,1.2809338454620642
60,0,0.9555114450274363
60,0,0.26236426446749106
60,0,1.0296194171811583
60,0,0.5877866649021191
60,0,1.1631508098056809
60,0,-0.22314355131420985
60,0,0.09531017980432493
61,0,0.6931471805599453
61,0,1.3609765531356006
61,0,2.1972245773362196
61,0,2.0149030205422647
61,1,3.0349529867072724
62,0,1.8082887711792655
62,0,0.7884573603642703
62,1,1.7749523509116736
63,0,2.282382385676526
63,0,1.8718021769015913
63,0,1.5475625087160128
63,0,1.7404661748405044
63,0,2.9496883350525844
63,1,0.9162907318741551
63,0,1.1314021114911006
63,0,1.6486586255873816
63,0,2.0541237336955462
63,0,2.1041341542702074
63,0,1.5686159179138452
64,0,2.1400661634962708
64,0,0.5306282510621705
65,1,1.8082887711792655
65,1,0.1823215567939548
65,0,2.4423470353692043
65,1,1.4816045409242153
65,1,1.308332819650179
65,0,2.341805806147327
65,1,1.252762968495368
65,0,1.1631508098056809
65,0,1.308332819650179
65,0,1.0296194171811583
65,0,1.410986973710262
65,1,0.26236426446749106
65,1,0.5877866649021191
65,1,1.4586150226995167
66,1,2.9652730660692828
66,1,2.2192034840549946
66,0,0.7419373447293773
66,0,2.4423470353692043
66,0,2.33214389523559
66,1,0.7884573603642703
66,0,0.26236426446749106
66,0,1.1939224684724346
66,1,0.7419373447293773
66,0,1.4816045409242153
66,0,0.8329091229351041
66,0,1.7047480922384253
66,0,3.2308043957334744
67,0,1.6486586255873816
67,0,0.8754687373538999
67,0,1.1939224684724346
67,0,0.9555114450274363
67,0,1.0647107369924282
67,0,1.1631508098056809
67,0,0.5306282510621705
67,0,1.5686159179138452
68,0,1.410986973710262
68,0,1.62924053973028
68,0,0.47000362924573563
68,0,1.5892352051165808
69,0,-0.10536051565782628
69,1,-0.5108256237659907
69,0,0.9162907318741551
69,0,0.8754687373538999
69,0,1.5475625087160128
69,0,2.4069451083182885
69,0,2.70805020110221
69,0,2.163323025660538
69,0,1.5260563034950492
69,0,0.47000362924573563
69,0,1.3862943611198906
69,0,0.6418538861723948
69,0,0.5306282510621705
69,0,-0.5108256237659907
69,1,-0.6931471805599453
69,1,-0.5108256237659907
69,0,2.1747517214841605
69,1,0.5306282510621705
69,0,0.4054651081081644
69,0,2.1747517214841605
69,0,2.4159137783010487
69,0,0.47000362924573563
69,0,0.1823215567939548
69,1,0.0
69,0,-0.22314355131420985
69,0,1.4586150226995167
69,0,1.252762968495368
69,1,0.7884573603642703
69,0,1.0986122886681098
69,0,0.6418538861723948
69,0,0.6418538861723948
69,0,0.9162907318741551
69,0,0.5877866649021191
69,1,-0.10536051565782628
69,0,2.468099531471619
69,0,0.6418538861723948
69,0,1.0647107369924282
69,1,1.2809338454620642
69,0,1.308332819650179
69,0,1.2809338454620642
69,0,1.1314021114911006
69,1,1.1939224684724346
69,0,1.1631508098056809
69,0,1.2237754316221157
69,1,0.5877866649021191
69,0,1.7404661748405044
69,0,1.252762968495368
69,0,0.47000362924573563
69,0,3.475067230228611
69,0,0.1823215567939548
69,0,0.7884573603642703
69,0,-0.10536051565782628
69,0,0.47000362924573563
69,0,0.336472236621213
69,0,1.1631508098056809
69,0,1.9878743481543455
69,0,0.4054651081081644
69,0,0.336472236621213
69,0,0.47000362924573563
69,0,1.62924053973028
69,0,0.8754687373538999
69,0,0.9162907318741551
69,0,0.26236426446749106
69,0,1.7047480922384253
69,0,0.1823215567939548
69,0,0.4054651081081644
69,1,1.9878743481543455
69,0,0.1823215567939548
69,0,1.2237754316221157
69,0,1.1939224684724346
69,0,0.47000362924573563
69,0,1.308332819650179
69,0,-0.10536051565782628
69,0,0.5306282510621705
69,0,0.4054651081081644
69,0,1.0296194171811583
69,0,1.2237754316221157
69,0,0.0
69,0,-0.35667494393873245
69,0,0.7419373447293773
69,0,0.6931471805599453
69,0,0.0
69,0,1.7047480922384253
69,0,0.47000362924573563
69,0,1.1631508098056809
69,0,0.6418538861723948
69,1,0.0
69,0,1.2237754316221157
69,0,0.5877866649021191
69,0,1.1631508098056809
69,1,-0.22314355131420985
69,0,1.4816045409242153
69,0,0.4054651081081644
69,0,0.6418538861723948
69,0,0.47000362924573563
69,1,0.8329091229351041
69,0,0.9162907318741551
69,0,1.0296194171811583
69,0,0.5877866649021191
69,1,0.1823215567939548
69,1,0.6418538861723948
69,0,-1.203972804325936
69,0,0.8329091229351041
69,0,1.5475625087160128
69,0,0.7884573603642703
69,0,0.7419373447293773
69,0,-0.22314355131420985
69,0,1.8718021769015913
69,0,1.1314021114911006
69,0,0.7419373447293773
69,0,0.0
69,0,1.2237754316221157
69,0,0.6418538861723948
69,0,0.6418538861723948
69,0,0.8329091229351041
69,0,1.4816045409242153
70,0,2.028148247292285
70,0,1.8718021769015913
70,0,2.128231705849268
70,0,0.7884573603642703
70,0,1.2237754316221157
70,0,0.336472236621213
70,0,1.62924053973028
70,1,0.09531017980432493
70,0,1.9600947840472698
70,0,1.7578579175523736
70,0,2.322387720290225
70,0,1.9021075263969203
70,1,0.9932517730102834
70,0,1.2237754316221157
70,1,0.47000362924573563
70,0,1.62924053973028
70,0,2.0149030205422647
70,0,2.681021528714291
70,0,0.6418538861723948
70,0,2.0149030205422647
70,0,0.9932517730102834
70,0,1.3350010667323402
70,0,0.6931471805599453
70,1,0.8329091229351041
70,0,1.62924053973028
71,0,2.001480000210124
71,0,1.3350010667323402
71,0,1.0986122886681098
71,0,1.5040773967762742
71,0,2.1400661634962708
71,0,1.6486586255873816
71,0,1.308332819650179
71,0,0.47000362924573563
71,0,2.163323025660538
71,0,2.3702437414678603
72,0,2.0918640616783932
72,0,1.5260563034950492
73,0,1.1314021114911006
73,0,0.9162907318741551
73,0,0.47000362924573563
73,0,1.5892352051165808
74,0,1.9315214116032136
74,0,0.7884573603642703
74,1,1.8082887711792655
75,1,1.0986122886681098
75,0,1.916922612182061
75,0,2.9652730660692828
75,0,1.410986973710262
76,0,1.791759469228055
76,0,2.2082744135228043
76,0,2.1400661634962708
76,1,0.1823215567939548
76,0,1.1631508098056809
76,0,2.451005098112319
76,0,2.272125885509337
77,0,1.0986122886681098
77,1,-0.22314355131420985
77,1,1.1939224684724346
77,0,1.5686159179138452
77,0,1.5892352051165808
78,0,-0.6931471805599453
78,0,2.2407096892759584
78,0,0.5877866649021191
78,1,0.0
79,0,2.33214389523559
79,0,2.0541237336955462
79,0,0.8329091229351041
79,0,1.8870696490323797
79,0,2.5095992623783716
79,0,1.5475625087160128
79,0,1.840549633397487
79,0,1.8870696490323797
79,0,1.0647107369924282
79,0,0.6931471805599453
79,1,0.26236426446749106
79,0,0.9162907318741551
79,0,0.09531017980432493
79,1,0.26236426446749106
79,0,0.5306282510621705
79,0,-0.10536051565782628
79,0,0.5877866649021191
79,0,1.5686159179138452
79,1,0.5877866649021191
79,0,1.2237754316221157
79,1,-0.10536051565782628
79,0,2.2925347571405443
79,0,1.6863989535702286
79,0,2.151762203259462
79,0,0.6931471805599453
79,0,1.9021075263969203
79,0,1.3609765531356006
79,0,1.791759469228055
79,0,1.6094379124341003
79,1,0.9555114450274363
79,0,2.379546134130174
79,0,0.9162907318741551
79,0,0.7884573603642703
79,0,1.5686159179138452
79,0,1.3350010667323402
79,0,2.6026896854443837
79,0,1.0986122886681098
79,0,1.4816045409242153
79,0,1.3609765531356006
79,0,0.6418538861723948
79,0,0.47000362924573563
79,0,0.6418538861723948
79,0,0.336472236621213
79,0,1.9021075263969203
79,0,3.0204248861443626
79,0,1.8082887711792655
80,0,2.631888840136646
80,1,2.33214389523559
80,1,1.7578579175523736
81,0,2.2407096892759584
82,0,1.252762968495368
82,0,1.4350845252893225
82,0,2.4595888418037104
82,0,1.9878743481543455
82,0,1.5686159179138452
82,1,0.6418538861723948
82,1,-0.22314355131420985
82,0,1.5686159179138452
82,0,2.33214389523559
82,0,2.4336133554004498
82,0,2.0412203288596382
82,0,2.4765384001174837
82,1,-0.5108256237659907
83,0,1.916922612182061
83,0,1.6863989535702286
83,0,1.1631508098056809
83,0,0.7884573603642703
83,0,2.001480000210124
83,0,1.6486586255873816
83,0,0.8329091229351041
83,1,0.8754687373538999
83,0,2.772588722239781
83,0,2.2617630984737906
83,0,1.8718021769015913
83,0,1.5260563034950492
83,0,1.62924053973028
84,0,1.3350010667323402
84,0,1.0986122886681098
